Workbook
Name tsat: #REF!
Name ngiorni: #REF!
Name imese: #REF!
Name pvs_t: #REF!
Name OLE_LINK1: Materiali!$C$2

Sheet Introduzione
B2: Politecnico di Torino - DENER
B4: CALCOLO DEI PARAMETRI TERMICI DINAMICI E DELLA PRESTAZIONE IGROTERMICA DEI COMPONENTI EDILIZI
B5: secondo le norme UNI EN ISO 13786:2008 e UNI EN ISO 13788:2003
B7: Vincenzo Corrado
B9: UNI EN ISO 13786:2008 | D9: UNI EN ISO 13788:2003
B10: La norma specifica le caratteristiche legate al comportamento termico dinamico di un componente edilizio completo. Le caratteristiche termiche di un componente in regime dinamico descrivono il suo comportamento termico quando esso è soggetto a condizioni al contorno variabili, cioè flusso termico o temperatura variabile su una o su entrambe le facce del componente. La norma UNI EN ISO 13786 considera solo condizioni al contorno sinuisodali. Le proprietà considerate sono le ammettenze termiche e le proprietà termiche di trasmissione dinamica, che mettono in relazione un flusso termico variabile ciclicamente con variazioni cicliche di temperatura. | D10: La norma definisce un metodo di riferimento per determinare la temperatura superficiale interna minima dei componenti edilizi tale da evitare crescita di muffe, in corrispondenza a valori prefissati di temperatura e umidità relativa interna; il metodo può essere anche utilizzato per la previsione del rischio di altri problemi di condensazione superficiale. Inoltre viene indicato il metodo per la valutazione del rischio di condensazione interstiziale dovuta alla diffusione del vapore acqueo e le relative condizioni al contorno da utilizzare nei calcoli. Il metodo usato assume che l’umidità da costruzione si sia asciugata e non tiene conto di altri fenomeni fisici (risalita capillare, variazione con l’umidità dei parametri, termofisica, ecc.).
B11: L'ammettenza termica (interna o esterna) correla il flusso termico a variazioni di temperatura sullo stesso lato del componente. All'ammettenza è legata la capacità termica areica (interna o esterna) che quantifica la proprietà di accumulo termico del componente. Le proprietà termiche di trasmissione dinamica (trasmittanza termica periodica, fattore di attenuazione) correlano le grandezze fisiche relative ad una faccia del componente con quelle relative alla faccia opposta. Le caratteristiche termiche dinamiche definite in questa norma possono essere usate nelle specifiche di prodotto di componenti edilizi completi. Esse possono anche essere usate nel calcolo della temperatura interna di un ambiente, del carico di picco giornaliero, dei fabbisogni energetici di riscaldamento o raffrescamento, degli effetti del riscaldamento o del raffrescamento intermittente. | D11: DATI DI INGRESSO È necessaro specificare i seguenti dati: - tipo di componente (chiusura verticale, chiusura orizzontale inferiore, ... ) e per ogni strato del componente: - spessore (s); - massa volumica (r); - fattore di resistenza al vapore (m); - calore specifico (c); - conducibilità termica (l) oppure resistenza termica (R).

Sheet Caratteristiche componente
B2: Tipo di componente | D2: Chiusura superiore
B4: Stratigrafia | D4: s | E4: r | F4: m | G4: c | H4: l | I4: R | J4: opz. | AB4: Tipo di componente | AC4: Rsi | AD4: Rse
B5: (int-est) | D5: [cm] | E5: [kg/m3] | F5: [-] | G5: [J/kg°C] | H5: [W/m°C] | I5: [m2°C/W] | J5: l®R | M5: Parametro | N5: Modulo | P5: Sfasamento | AB5: Chiusura verticale | AC5: 0.13 | AD5: 0.04
B6: Strato liminare interno | I6: =$AC$13 -> 0.1 | M6: Ammettenza termica interna (Yii) | N6: ='Calcoli componente'!$L$37 -> #DIV/0! | O6: W/(m2K) | P6: ='Calcoli componente'!K37 -> #DIV/0! | Q6: h | AB6: Chiusura orizzontale inferiore | AC6: 0.17 | AD6: 0.04
B7: =ROMAN(1) -> I | C7: intonaco | D7: 1 | H7: 0.9 | M7: Ammettenza termica esterna (Yee) | N7: ='Calcoli componente'!$L$44 -> #DIV/0! | O7: W/(m2K) | P7: ='Calcoli componente'!K44 -> #DIV/0! | Q7: h | AB7: Chiusura orizzontale su spazi esterni | AC7: 0.17 | AD7: 0.04
B8: =ROMAN(2) -> II | C8: solaio | D8: 18 | I8: 0.3 | M8: Trasmittanza termica periodica (Yie) | N8: ='Calcoli componente'!$L$30 -> #DIV/0! | O8: W/(m2K) | P8: ='Calcoli componente'!K30 -> #DIV/0! | Q8: h | AB8: Chiusura superiore | AC8: 0.1 | AD8: 0.04
B9: =ROMAN(3) -> III | C9: iso | D9: 4 | H9: 0.044 | M9: Capacità termica areica interna (ki) | N9: ='Calcoli componente'!$E$37 -> #DIV/0! | O9: kJ/(m2K) | AB9: Partizione verticale | AC9: 0.13 | AD9: 0.13
B10: =ROMAN(4) -> IV | M10: Capacità termica areica esterna (ke) | N10: ='Calcoli componente'!$E$44 -> #DIV/0! | O10: kJ/(m2K) | AB10: Partizione orizzontale | AC10: 0.13 | AD10: 0.13
B11: =ROMAN(5) -> V | M11: Resistenza termica (R) | N11: ='Calcoli componente'!$K$26 -> 1.360202 | O11: (m2K)/W
B12: =ROMAN(6) -> VI | M12: Trasmittanza termica (U) | N12: ='Calcoli componente'!$L$26 -> 0.73518491 | O12: W/(m2K) | AB12: Tipo di componente | AC12: Rsi | AD12: Rse
B13: =ROMAN(7) -> VII | M13: Fattore di attenuazione (f) | N13: ='Calcoli componente'!$L$33 -> #DIV/0! | AB13: =D2 -> Chiusura superiore | AC13: =DGET($AB$4:$AD$10,"Rsi",$AB$12:$AB$13) -> 0.1 | AD13: =DGET($AB$4:$AD$10,"Rse",$AB$12:$AB$13) -> 0.04
B14: =ROMAN(8) -> VIII
B15: =ROMAN(9) -> IX | M15: Spessore (s) | N15: ='Calcoli componente'!C17 -> 23 | O15: cm
B16: =ROMAN(10) -> X | M16: Massa superficiale (m) | N16: ='Calcoli componente'!I17 -> 0 | O16: kg/m2
B17: Strato liminare esterno | I17: =$AD$13 -> 0.04 | M17: Sfasamento (j) | N17: =ABS((SIGN($P$8)*(ABS($P$8)/24-INT(ABS($P$8)/24))-IF(AND($P$8>0,(ABS($P$8)/24-INT(ABS($P$8)/24))<>0),1,0))*24) -> #DIV/0! | O17: h
M20: LEGENDA
M21: s = spessore
M22: r = massa volumica
M23: m = fattore di resistenza al vapore
M24: c = calore specifico
M25: l = conducibilità termica
M26: R = resistenza termica

Sheet Grafici
A38: q* = flusso termico areico per un componente fittizio con pari trasmittanza termica (U), ma senza accumulo di calore

Sheet Calcoli componente
A4: Stratigrafia | C4: Spessore | D4: Proprietà materiali | I4: Caratteristiche strati | X4: Z11 | AC4: Z12 | AH4: Z21 | AM4: Z22
C5: s | D5: r | E5: m | F5: c | G5: l | H5: d | I5: m | J5: sd | K5: R | L5: L | M5: C | O5: TTCi | P5: TTCe | R5: d | S5: x | T5: cosh(x)·cos(x) | U5: senh(x)·sen(x) | V5: senh(x)·cos(x) | W5: cosh(x)·sen(x) | X5: reale | Y5: immag. | Z5: modulo | AA5: fase | AB5: fase | AC5: reale | AD5: immag. | AE5: modulo | AF5: fase | AG5: fase | AH5: reale | AI5: immag. | AJ5: modulo | AK5: fase | AL5: fase | AM5: reale | AN5: immag. | AO5: modulo | AP5: fase | AQ5: fase
A6: (int-est) | C6: [cm] | D6: [kg/m3] | E6: [-] | F6: [J/kg°C] | G6: [W/m°C] | H6: [m2/s] | I6: [kg/m2] | J6: [m] | K6: [m2°C/W] | L6: [W/m2°C] | M6: [kJ/m2°C] | O6: [s] | P6: [s] | R6: [m] | S6: [-] | T6: [-] | U6: [-] | V6: [-] | W6: [-] | X6: [-] | Y6: [-] | Z6: [-] | AA6: [°] | AB6: [h] | AC6: [m2°C/W] | AD6: [m2°C/W] | AE6: [m2°C/W] | AF6: [°] | AG6: [h] | AH6: [W/m2°C] | AI6: [W/m2°C] | AJ6: [W/m2°C] | AK6: [°] | AL6: [h] | AM6: [-] | AN6: [-] | AO6: [-] | AP6: [°] | AQ6: [h]
A7: =ROMAN(1) -> I | B7: =IF('Caratteristiche componente'!C7<>"",'Caratteristiche componente'!C7,"") -> intonaco | C7: ='Caratteristiche componente'!D7 -> 1 | D7: =IF('Caratteristiche componente'!E7<>"",'Caratteristiche componente'!E7,"") | E7: =IF('Caratteristiche componente'!F7<>"",'Caratteristiche componente'!F7,"") | F7: =IF('Caratteristiche componente'!G7<>"",'Caratteristiche componente'!G7,"") | G7: =IF('Caratteristiche componente'!H7<>"",'Caratteristiche componente'!H7,IF('Caratteristiche componente'!I7<>"",C7/100/'Caratteristiche componente'!I7,"")) -> 0.9 | H7: =IF($C7>0,IF(OR($B7="intercapedine",$B7="aria"),$C7/100/$K7,$G7)/($D7*$F7),"") -> #DIV/0! | I7: =IF($C7>0,$C7/100*$D7,0) -> 0 | J7: =IF($C7>0,IF(OR('Caratteristiche componente'!$C7="intercapedine",'Caratteristiche componente'!$C7="aria",'Caratteristiche componente'!$C7="intercapedine d'aria"),0.01,$C7/100*$E7),0) -> 0 | K7: =IF($C7>0,IF(OR($B7="*intercapedine",$B7="*aria"),0.158,$C7/100/$G7),0) -> 0.011111111 | L7: =IF($C7>0,1/$K7,"") -> 90 | M7: =IF($C7>0,$I7*$F7,0) -> 0 | O7: =$M7*($K$22+$K$16+$K$15+$K$14+$K$13+$K$12+$K$11+$K$10+$K$9+$K$8+$K7/2) -> 0 | P7: =$M7*($K$21+$K7/2) -> 0 | R7: =IF($C7>0,SQRT($H7*($R$26*3600)/PI()),0) -> #DIV/0! | S7: =IF($C7>0,($C7/100)/R7,0) -> #DIV/0! | T7: =COSH($S7)*COS($S7) -> #DIV/0! | U7: =SINH($S7)*SIN($S7) -> #DIV/0! | V7: =SINH($S7)*COS($S7) -> #DIV/0! | W7: =COSH($S7)*SIN($S7) -> #DIV/0! | X7: =$T7 -> #DIV/0! | Y7: =$U7 -> #DIV/0! | Z7: =SQRT(X7^2+Y7^2) -> #DIV/0! | AA7: =DEGREES(IF(Y7<>0,ATAN2(X7,Y7),0)) -> #DIV/0! | AB7: =AA7*$R$26/360 -> #DIV/0! | AC7: =IF($C7>0,-($R7/2/$G7)*($V7+$W7),0) -> #DIV/0! | AD7: =IF($C7>0,-($R7/2/$G7)*($W7-$V7),0) -> #DIV/0! | AE7: =SQRT(AC7^2+AD7^2) -> #DIV/0! | AF7: =DEGREES(IF(AD7<>0,ATAN2(AC7,AD7),0)) -> #DIV/0! | AG7: =AF7*$R$26/360 -> #DIV/0! | AH7: =IF($C7>0,-($G7/$R7)*($V7-$W7),0) -> #DIV/0! | AI7: =IF($C7>0,-($G7/$R7)*($V7+$W7),0) -> #DIV/0! | AJ7: =SQRT(AH7^2+AI7^2) -> #DIV/0! | AK7: =DEGREES(IF(AI7<>0,ATAN2(AH7,AI7),0)) -> #DIV/0! | AL7: =AK7*$R$26/360 -> #DIV/0! | AM7: =$T7 -> #DIV/0! | AN7: =$U7 -> #DIV/0! | AO7: =Z7 -> #DIV/0! | AP7: =DEGREES(IF(AN7<>0,ATAN2(AM7,AN7),0)) -> #DIV/0! | AQ7: =AP7*$R$26/360 -> #DIV/0!
A8: =ROMAN(2) -> II | B8: =IF('Caratteristiche componente'!C8<>"",'Caratteristiche componente'!C8,"") -> solaio | C8: ='Caratteristiche componente'!D8 -> 18 | D8: =IF('Caratteristiche componente'!E8<>"",'Caratteristiche componente'!E8,"") | E8: =IF('Caratteristiche componente'!F8<>"",'Caratteristiche componente'!F8,"") | F8: =IF('Caratteristiche componente'!G8<>"",'Caratteristiche componente'!G8,"") | G8: =IF('Caratteristiche componente'!H8<>"",'Caratteristiche componente'!H8,IF('Caratteristiche componente'!I8<>"",C8/100/'Caratteristiche componente'!I8,"")) -> 0.6 | H8: =IF($C8>0,IF(OR($B8="intercapedine",$B8="aria"),$C8/100/$K8,$G8)/($D8*$F8),"") -> #DIV/0! | I8: =IF($C8>0,$C8/100*$D8,0) -> 0 | J8: =IF($C8>0,IF(OR('Caratteristiche componente'!$C8="intercapedine",'Caratteristiche componente'!$C8="aria",'Caratteristiche componente'!$C8="intercapedine d'aria"),0.01,$C8/100*$E8),0) -> 0 | K8: =IF($C8>0,IF(OR($B8="*intercapedine",$B8="*aria"),0.158,$C8/100/$G8),0) -> 0.3 | L8: =IF($C8>0,1/$K8,"") -> 3.3333333 | M8: =IF($C8>0,$I8*$F8,0) -> 0 | O8: =$M8*($K$22+$K$16+$K$15+$K$14+$K$13+$K$12+$K$11+$K$10+$K$9+$K8/2) -> 0 | P8: =$M8*($K$21+$K$7+$K8/2) -> 0 | R8: =IF($C8>0,SQRT($H8*($R$26*3600)/PI()),0) -> #DIV/0! | S8: =IF($C8>0,($C8/100)/R8,0) -> #DIV/0! | T8: =COSH($S8)*COS($S8) -> #DIV/0! | U8: =SINH($S8)*SIN($S8) -> #DIV/0! | V8: =SINH($S8)*COS($S8) -> #DIV/0! | W8: =COSH($S8)*SIN($S8) -> #DIV/0! | X8: =$T8 -> #DIV/0! | Y8: =$U8 -> #DIV/0! | Z8: =SQRT(X8^2+Y8^2) -> #DIV/0! | AA8: =DEGREES(IF(Y8<>0,ATAN2(X8,Y8),0)) -> #DIV/0! | AB8: =AA8*$R$26/360 -> #DIV/0! | AC8: =IF($C8>0,-($R8/2/$G8)*($V8+$W8),0) -> #DIV/0! | AD8: =IF($C8>0,-($R8/2/$G8)*($W8-$V8),0) -> #DIV/0! | AE8: =SQRT(AC8^2+AD8^2) -> #DIV/0! | AF8: =DEGREES(IF(AD8<>0,ATAN2(AC8,AD8),0)) -> #DIV/0! | AG8: =AF8*$R$26/360 -> #DIV/0! | AH8: =IF($C8>0,-($G8/$R8)*($V8-$W8),0) -> #DIV/0! | AI8: =IF($C8>0,-($G8/$R8)*($V8+$W8),0) -> #DIV/0! | AJ8: =SQRT(AH8^2+AI8^2) -> #DIV/0! | AK8: =DEGREES(IF(AI8<>0,ATAN2(AH8,AI8),0)) -> #DIV/0! | AL8: =AK8*$R$26/360 -> #DIV/0! | AM8: =$T8 -> #DIV/0! | AN8: =$U8 -> #DIV/0! | AO8: =Z8 -> #DIV/0! | AP8: =DEGREES(IF(AN8<>0,ATAN2(AM8,AN8),0)) -> #DIV/0! | AQ8: =AP8*$R$26/360 -> #DIV/0!
A9: =ROMAN(3) -> III | B9: =IF('Caratteristiche componente'!C9<>"",'Caratteristiche componente'!C9,"") -> iso | C9: ='Caratteristiche componente'!D9 -> 4 | D9: =IF('Caratteristiche componente'!E9<>"",'Caratteristiche componente'!E9,"") | E9: =IF('Caratteristiche componente'!F9<>"",'Caratteristiche componente'!F9,"") | F9: =IF('Caratteristiche componente'!G9<>"",'Caratteristiche componente'!G9,"") | G9: =IF('Caratteristiche componente'!H9<>"",'Caratteristiche componente'!H9,IF('Caratteristiche componente'!I9<>"",C9/100/'Caratteristiche componente'!I9,"")) -> 0.044 | H9: =IF($C9>0,IF(OR($B9="intercapedine",$B9="aria"),$C9/100/$K9,$G9)/($D9*$F9),"") -> #DIV/0! | I9: =IF($C9>0,$C9/100*$D9,0) -> 0 | J9: =IF($C9>0,IF(OR('Caratteristiche componente'!$C9="intercapedine",'Caratteristiche componente'!$C9="aria",'Caratteristiche componente'!$C9="intercapedine d'aria"),0.01,$C9/100*$E9),0) -> 0 | K9: =IF($C9>0,IF(OR($B9="*intercapedine",$B9="*aria"),0.158,$C9/100/$G9),0) -> 0.90909091 | L9: =IF($C9>0,1/$K9,"") -> 1.1 | M9: =IF($C9>0,$I9*$F9,0) -> 0 | O9: =$M9*($K$22+$K$16+$K$15+$K$14+$K$13+$K$12+$K$11+$K$10+$K9/2) -> 0 | P9: =$M9*($K$21+$K$7+$K$8+$K9/2) -> 0 | R9: =IF($C9>0,SQRT($H9*($R$26*3600)/PI()),0) -> #DIV/0! | S9: =IF($C9>0,($C9/100)/R9,0) -> #DIV/0! | T9: =COSH($S9)*COS($S9) -> #DIV/0! | U9: =SINH($S9)*SIN($S9) -> #DIV/0! | V9: =SINH($S9)*COS($S9) -> #DIV/0! | W9: =COSH($S9)*SIN($S9) -> #DIV/0! | X9: =$T9 -> #DIV/0! | Y9: =$U9 -> #DIV/0! | Z9: =SQRT(X9^2+Y9^2) -> #DIV/0! | AA9: =DEGREES(IF(Y9<>0,ATAN2(X9,Y9),0)) -> #DIV/0! | AB9: =AA9*$R$26/360 -> #DIV/0! | AC9: =IF($C9>0,-($R9/2/$G9)*($V9+$W9),0) -> #DIV/0! | AD9: =IF($C9>0,-($R9/2/$G9)*($W9-$V9),0) -> #DIV/0! | AE9: =SQRT(AC9^2+AD9^2) -> #DIV/0! | AF9: =DEGREES(IF(AD9<>0,ATAN2(AC9,AD9),0)) -> #DIV/0! | AG9: =AF9*$R$26/360 -> #DIV/0! | AH9: =IF($C9>0,-($G9/$R9)*($V9-$W9),0) -> #DIV/0! | AI9: =IF($C9>0,-($G9/$R9)*($V9+$W9),0) -> #DIV/0! | AJ9: =SQRT(AH9^2+AI9^2) -> #DIV/0! | AK9: =DEGREES(IF(AI9<>0,ATAN2(AH9,AI9),0)) -> #DIV/0! | AL9: =AK9*$R$26/360 -> #DIV/0! | AM9: =$T9 -> #DIV/0! | AN9: =$U9 -> #DIV/0! | AO9: =Z9 -> #DIV/0! | AP9: =DEGREES(IF(AN9<>0,ATAN2(AM9,AN9),0)) -> #DIV/0! | AQ9: =AP9*$R$26/360 -> #DIV/0!
A10: =ROMAN(4) -> IV | B10: =IF('Caratteristiche componente'!C10<>"",'Caratteristiche componente'!C10,"") | C10: ='Caratteristiche componente'!D10 | D10: =IF('Caratteristiche componente'!E10<>"",'Caratteristiche componente'!E10,"") | E10: =IF('Caratteristiche componente'!F10<>"",'Caratteristiche componente'!F10,"") | F10: =IF('Caratteristiche componente'!G10<>"",'Caratteristiche componente'!G10,"") | G10: =IF('Caratteristiche componente'!H10<>"",'Caratteristiche componente'!H10,IF('Caratteristiche componente'!I10<>"",C10/100/'Caratteristiche componente'!I10,"")) | H10: =IF($C10>0,IF(OR($B10="intercapedine",$B10="aria"),$C10/100/$K10,$G10)/($D10*$F10),"") | I10: =IF($C10>0,$C10/100*$D10,0) -> 0 | J10: =IF($C10>0,IF(OR('Caratteristiche componente'!$C10="intercapedine",'Caratteristiche componente'!$C10="aria",'Caratteristiche componente'!$C10="intercapedine d'aria"),0.01,$C10/100*$E10),0) -> 0 | K10: =IF($C10>0,IF(OR($B10="*intercapedine",$B10="*aria"),0.158,$C10/100/$G10),0) -> 0 | L10: =IF($C10>0,1/$K10,"") | M10: =IF($C10>0,$I10*$F10,0) -> 0 | O10: =$M10*($K$22+$K$16+$K$15+$K$14+$K$13+$K$12+$K$11+$K10/2) -> 0 | P10: =$M10*($K$21+$K$7+$K$8+$K$9+$K10/2) -> 0 | R10: =IF($C10>0,SQRT($H10*($R$26*3600)/PI()),0) -> 0 | S10: =IF($C10>0,($C10/100)/R10,0) -> 0 | T10: =COSH($S10)*COS($S10) -> 1 | U10: =SINH($S10)*SIN($S10) -> 0 | V10: =SINH($S10)*COS($S10) -> 0 | W10: =COSH($S10)*SIN($S10) -> 0 | X10: =$T10 -> 1 | Y10: =$U10 -> 0 | Z10: =SQRT(X10^2+Y10^2) -> 1 | AA10: =DEGREES(IF(Y10<>0,ATAN2(X10,Y10),0)) -> 0 | AB10: =AA10*$R$26/360 -> 0 | AC10: =IF($C10>0,-($R10/2/$G10)*($V10+$W10),0) -> 0 | AD10: =IF($C10>0,-($R10/2/$G10)*($W10-$V10),0) -> 0 | AE10: =SQRT(AC10^2+AD10^2) -> 0 | AF10: =DEGREES(IF(AD10<>0,ATAN2(AC10,AD10),0)) -> 0 | AG10: =AF10*$R$26/360 -> 0 | AH10: =IF($C10>0,-($G10/$R10)*($V10-$W10),0) -> 0 | AI10: =IF($C10>0,-($G10/$R10)*($V10+$W10),0) -> 0 | AJ10: =SQRT(AH10^2+AI10^2) -> 0 | AK10: =DEGREES(IF(AI10<>0,ATAN2(AH10,AI10),0)) -> 0 | AL10: =AK10*$R$26/360 -> 0 | AM10: =$T10 -> 1 | AN10: =$U10 -> 0 | AO10: =Z10 -> 1 | AP10: =DEGREES(IF(AN10<>0,ATAN2(AM10,AN10),0)) -> 0 | AQ10: =AP10*$R$26/360 -> 0
A11: =ROMAN(5) -> V | B11: =IF('Caratteristiche componente'!C11<>"",'Caratteristiche componente'!C11,"") | C11: ='Caratteristiche componente'!D11 | D11: =IF('Caratteristiche componente'!E11<>"",'Caratteristiche componente'!E11,"") | E11: =IF('Caratteristiche componente'!F11<>"",'Caratteristiche componente'!F11,"") | F11: =IF('Caratteristiche componente'!G11<>"",'Caratteristiche componente'!G11,"") | G11: =IF('Caratteristiche componente'!H11<>"",'Caratteristiche componente'!H11,IF('Caratteristiche componente'!I11<>"",C11/100/'Caratteristiche componente'!I11,"")) | H11: =IF($C11>0,IF(OR($B11="intercapedine",$B11="aria"),$C11/100/$K11,$G11)/($D11*$F11),"") | I11: =IF($C11>0,$C11/100*$D11,0) -> 0 | J11: =IF($C11>0,IF(OR('Caratteristiche componente'!$C11="intercapedine",'Caratteristiche componente'!$C11="aria",'Caratteristiche componente'!$C11="intercapedine d'aria"),0.01,$C11/100*$E11),0) -> 0 | K11: =IF($C11>0,IF(OR($B11="*intercapedine",$B11="*aria"),0.158,$C11/100/$G11),0) -> 0 | L11: =IF($C11>0,1/$K11,"") | M11: =IF($C11>0,$I11*$F11,0) -> 0 | O11: =$M11*($K$22+$K$16+$K$15+$K$14+$K$13+$K$12+$K11/2) -> 0 | P11: =$M11*($K$21+$K$7+$K$8+$K$9+$K$10+$K11/2) -> 0 | R11: =IF($C11>0,SQRT($H11*($R$26*3600)/PI()),0) -> 0 | S11: =IF($C11>0,($C11/100)/R11,0) -> 0 | T11: =COSH($S11)*COS($S11) -> 1 | U11: =SINH($S11)*SIN($S11) -> 0 | V11: =SINH($S11)*COS($S11) -> 0 | W11: =COSH($S11)*SIN($S11) -> 0 | X11: =$T11 -> 1 | Y11: =$U11 -> 0 | Z11: =SQRT(X11^2+Y11^2) -> 1 | AA11: =DEGREES(IF(Y11<>0,ATAN2(X11,Y11),0)) -> 0 | AB11: =AA11*$R$26/360 -> 0 | AC11: =IF($C11>0,-($R11/2/$G11)*($V11+$W11),0) -> 0 | AD11: =IF($C11>0,-($R11/2/$G11)*($W11-$V11),0) -> 0 | AE11: =SQRT(AC11^2+AD11^2) -> 0 | AF11: =DEGREES(IF(AD11<>0,ATAN2(AC11,AD11),0)) -> 0 | AG11: =AF11*$R$26/360 -> 0 | AH11: =IF($C11>0,-($G11/$R11)*($V11-$W11),0) -> 0 | AI11: =IF($C11>0,-($G11/$R11)*($V11+$W11),0) -> 0 | AJ11: =SQRT(AH11^2+AI11^2) -> 0 | AK11: =DEGREES(IF(AI11<>0,ATAN2(AH11,AI11),0)) -> 0 | AL11: =AK11*$R$26/360 -> 0 | AM11: =$T11 -> 1 | AN11: =$U11 -> 0 | AO11: =Z11 -> 1 | AP11: =DEGREES(IF(AN11<>0,ATAN2(AM11,AN11),0)) -> 0 | AQ11: =AP11*$R$26/360 -> 0
A12: =ROMAN(6) -> VI | B12: =IF('Caratteristiche componente'!C12<>"",'Caratteristiche componente'!C12,"") | C12: ='Caratteristiche componente'!D12 | D12: =IF('Caratteristiche componente'!E12<>"",'Caratteristiche componente'!E12,"") | E12: =IF('Caratteristiche componente'!F12<>"",'Caratteristiche componente'!F12,"") | F12: =IF('Caratteristiche componente'!G12<>"",'Caratteristiche componente'!G12,"") | G12: =IF('Caratteristiche componente'!H12<>"",'Caratteristiche componente'!H12,IF('Caratteristiche componente'!I12<>"",C12/100/'Caratteristiche componente'!I12,"")) | H12: =IF($C12>0,IF(OR($B12="intercapedine",$B12="aria"),$C12/100/$K12,$G12)/($D12*$F12),"") | I12: =IF($C12>0,$C12/100*$D12,0) -> 0 | J12: =IF($C12>0,IF(OR('Caratteristiche componente'!$C12="intercapedine",'Caratteristiche componente'!$C12="aria",'Caratteristiche componente'!$C12="intercapedine d'aria"),0.01,$C12/100*$E12),0) -> 0 | K12: =IF($C12>0,IF(OR($B12="*intercapedine",$B12="*aria"),0.158,$C12/100/$G12),0) -> 0 | L12: =IF($C12>0,1/$K12,"") | M12: =IF($C12>0,$I12*$F12,0) -> 0 | O12: =$M12*($K$22+$K$16+$K$15+$K$14+$K$13+$K12/2) -> 0 | P12: =$M12*($K$21+$K$7+$K$8+$K$9+$K$10+$K$11+$K12/2) -> 0 | R12: =IF($C12>0,SQRT($H12*($R$26*3600)/PI()),0) -> 0 | S12: =IF($C12>0,($C12/100)/R12,0) -> 0 | T12: =COSH($S12)*COS($S12) -> 1 | U12: =SINH($S12)*SIN($S12) -> 0 | V12: =SINH($S12)*COS($S12) -> 0 | W12: =COSH($S12)*SIN($S12) -> 0 | X12: =$T12 -> 1 | Y12: =$U12 -> 0 | Z12: =SQRT(X12^2+Y12^2) -> 1 | AA12: =DEGREES(IF(Y12<>0,ATAN2(X12,Y12),0)) -> 0 | AB12: =AA12*$R$26/360 -> 0 | AC12: =IF($C12>0,-($R12/2/$G12)*($V12+$W12),0) -> 0 | AD12: =IF($C12>0,-($R12/2/$G12)*($W12-$V12),0) -> 0 | AE12: =SQRT(AC12^2+AD12^2) -> 0 | AF12: =DEGREES(IF(AD12<>0,ATAN2(AC12,AD12),0)) -> 0 | AG12: =AF12*$R$26/360 -> 0 | AH12: =IF($C12>0,-($G12/$R12)*($V12-$W12),0) -> 0 | AI12: =IF($C12>0,-($G12/$R12)*($V12+$W12),0) -> 0 | AJ12: =SQRT(AH12^2+AI12^2) -> 0 | AK12: =DEGREES(IF(AI12<>0,ATAN2(AH12,AI12),0)) -> 0 | AL12: =AK12*$R$26/360 -> 0 | AM12: =$T12 -> 1 | AN12: =$U12 -> 0 | AO12: =Z12 -> 1 | AP12: =DEGREES(IF(AN12<>0,ATAN2(AM12,AN12),0)) -> 0 | AQ12: =AP12*$R$26/360 -> 0
A13: =ROMAN(7) -> VII | B13: =IF('Caratteristiche componente'!C13<>"",'Caratteristiche componente'!C13,"") | C13: ='Caratteristiche componente'!D13 | D13: =IF('Caratteristiche componente'!E13<>"",'Caratteristiche componente'!E13,"") | E13: =IF('Caratteristiche componente'!F13<>"",'Caratteristiche componente'!F13,"") | F13: =IF('Caratteristiche componente'!G13<>"",'Caratteristiche componente'!G13,"") | G13: =IF('Caratteristiche componente'!H13<>"",'Caratteristiche componente'!H13,IF('Caratteristiche componente'!I13<>"",C13/100/'Caratteristiche componente'!I13,"")) | H13: =IF($C13>0,IF(OR($B13="intercapedine",$B13="aria"),$C13/100/$K13,$G13)/($D13*$F13),"") | I13: =IF($C13>0,$C13/100*$D13,0) -> 0 | J13: =IF($C13>0,IF(OR('Caratteristiche componente'!$C13="intercapedine",'Caratteristiche componente'!$C13="aria",'Caratteristiche componente'!$C13="intercapedine d'aria"),0.01,$C13/100*$E13),0) -> 0 | K13: =IF($C13>0,IF(OR($B13="*intercapedine",$B13="*aria"),0.158,$C13/100/$G13),0) -> 0 | L13: =IF($C13>0,1/$K13,"") | M13: =IF($C13>0,$I13*$F13,0) -> 0 | O13: =$M13*($K$22+$K$16+$K$15+$K$14+$K13/2) -> 0 | P13: =$M13*($K$21+$K$7+$K$8+$K$9+$K$10+$K$11+$K$12+$K13/2) -> 0 | R13: =IF($C13>0,SQRT($H13*($R$26*3600)/PI()),0) -> 0 | S13: =IF($C13>0,($C13/100)/R13,0) -> 0 | T13: =COSH($S13)*COS($S13) -> 1 | U13: =SINH($S13)*SIN($S13) -> 0 | V13: =SINH($S13)*COS($S13) -> 0 | W13: =COSH($S13)*SIN($S13) -> 0 | X13: =$T13 -> 1 | Y13: =$U13 -> 0 | Z13: =SQRT(X13^2+Y13^2) -> 1 | AA13: =DEGREES(IF(Y13<>0,ATAN2(X13,Y13),0)) -> 0 | AB13: =AA13*$R$26/360 -> 0 | AC13: =IF($C13>0,-($R13/2/$G13)*($V13+$W13),0) -> 0 | AD13: =IF($C13>0,-($R13/2/$G13)*($W13-$V13),0) -> 0 | AE13: =SQRT(AC13^2+AD13^2) -> 0 | AF13: =DEGREES(IF(AD13<>0,ATAN2(AC13,AD13),0)) -> 0 | AG13: =AF13*$R$26/360 -> 0 | AH13: =IF($C13>0,-($G13/$R13)*($V13-$W13),0) -> 0 | AI13: =IF($C13>0,-($G13/$R13)*($V13+$W13),0) -> 0 | AJ13: =SQRT(AH13^2+AI13^2) -> 0 | AK13: =DEGREES(IF(AI13<>0,ATAN2(AH13,AI13),0)) -> 0 | AL13: =AK13*$R$26/360 -> 0 | AM13: =$T13 -> 1 | AN13: =$U13 -> 0 | AO13: =Z13 -> 1 | AP13: =DEGREES(IF(AN13<>0,ATAN2(AM13,AN13),0)) -> 0 | AQ13: =AP13*$R$26/360 -> 0
A14: =ROMAN(8) -> VIII | B14: =IF('Caratteristiche componente'!C14<>"",'Caratteristiche componente'!C14,"") | C14: ='Caratteristiche componente'!D14 | D14: =IF('Caratteristiche componente'!E14<>"",'Caratteristiche componente'!E14,"") | E14: =IF('Caratteristiche componente'!F14<>"",'Caratteristiche componente'!F14,"") | F14: =IF('Caratteristiche componente'!G14<>"",'Caratteristiche componente'!G14,"") | G14: =IF('Caratteristiche componente'!H14<>"",'Caratteristiche componente'!H14,IF('Caratteristiche componente'!I14<>"",C14/100/'Caratteristiche componente'!I14,"")) | H14: =IF($C14>0,IF(OR($B14="intercapedine",$B14="aria"),$C14/100/$K14,$G14)/($D14*$F14),"") | I14: =IF($C14>0,$C14/100*$D14,0) -> 0 | J14: =IF($C14>0,IF(OR('Caratteristiche componente'!$C14="intercapedine",'Caratteristiche componente'!$C14="aria",'Caratteristiche componente'!$C14="intercapedine d'aria"),0.01,$C14/100*$E14),0) -> 0 | K14: =IF($C14>0,IF(OR($B14="*intercapedine",$B14="*aria"),0.158,$C14/100/$G14),0) -> 0 | L14: =IF($C14>0,1/$K14,"") | M14: =IF($C14>0,$I14*$F14,0) -> 0 | O14: =$M14*($K$22+$K$16+$K$15+$K14/2) -> 0 | P14: =$M14*($K$21+$K$7+$K$8+$K$9+$K$10+$K$11+$K$12+$K$13+$K14/2) -> 0 | R14: =IF($C14>0,SQRT($H14*($R$26*3600)/PI()),0) -> 0 | S14: =IF($C14>0,($C14/100)/R14,0) -> 0 | T14: =COSH($S14)*COS($S14) -> 1 | U14: =SINH($S14)*SIN($S14) -> 0 | V14: =SINH($S14)*COS($S14) -> 0 | W14: =COSH($S14)*SIN($S14) -> 0 | X14: =$T14 -> 1 | Y14: =$U14 -> 0 | Z14: =SQRT(X14^2+Y14^2) -> 1 | AA14: =DEGREES(IF(Y14<>0,ATAN2(X14,Y14),0)) -> 0 | AB14: =AA14*$R$26/360 -> 0 | AC14: =IF($C14>0,-($R14/2/$G14)*($V14+$W14),0) -> 0 | AD14: =IF($C14>0,-($R14/2/$G14)*($W14-$V14),0) -> 0 | AE14: =SQRT(AC14^2+AD14^2) -> 0 | AF14: =DEGREES(IF(AD14<>0,ATAN2(AC14,AD14),0)) -> 0 | AG14: =AF14*$R$26/360 -> 0 | AH14: =IF($C14>0,-($G14/$R14)*($V14-$W14),0) -> 0 | AI14: =IF($C14>0,-($G14/$R14)*($V14+$W14),0) -> 0 | AJ14: =SQRT(AH14^2+AI14^2) -> 0 | AK14: =DEGREES(IF(AI14<>0,ATAN2(AH14,AI14),0)) -> 0 | AL14: =AK14*$R$26/360 -> 0 | AM14: =$T14 -> 1 | AN14: =$U14 -> 0 | AO14: =Z14 -> 1 | AP14: =DEGREES(IF(AN14<>0,ATAN2(AM14,AN14),0)) -> 0 | AQ14: =AP14*$R$26/360 -> 0
A15: =ROMAN(9) -> IX | B15: =IF('Caratteristiche componente'!C15<>"",'Caratteristiche componente'!C15,"") | C15: ='Caratteristiche componente'!D15 | D15: =IF('Caratteristiche componente'!E15<>"",'Caratteristiche componente'!E15,"") | E15: =IF('Caratteristiche componente'!F15<>"",'Caratteristiche componente'!F15,"") | F15: =IF('Caratteristiche componente'!G15<>"",'Caratteristiche componente'!G15,"") | G15: =IF('Caratteristiche componente'!H15<>"",'Caratteristiche componente'!H15,IF('Caratteristiche componente'!I15<>"",C15/100/'Caratteristiche componente'!I15,"")) | H15: =IF($C15>0,IF(OR($B15="intercapedine",$B15="aria"),$C15/100/$K15,$G15)/($D15*$F15),"") | I15: =IF($C15>0,$C15/100*$D15,0) -> 0 | J15: =IF($C15>0,IF(OR('Caratteristiche componente'!$C15="intercapedine",'Caratteristiche componente'!$C15="aria",'Caratteristiche componente'!$C15="intercapedine d'aria"),0.01,$C15/100*$E15),0) -> 0 | K15: =IF($C15>0,IF(OR($B15="*intercapedine",$B15="*aria"),0.158,$C15/100/$G15),0) -> 0 | L15: =IF($C15>0,1/$K15,"") | M15: =IF($C15>0,$I15*$F15,0) -> 0 | O15: =$M15*($K$22+$K$16+$K15/2) -> 0 | P15: =$M15*($K$21+$K$7+$K$8+$K$9+$K$10+$K$11+$K$12+$K$13+$K$14+$K15/2) -> 0 | R15: =IF($C15>0,SQRT($H15*($R$26*3600)/PI()),0) -> 0 | S15: =IF($C15>0,($C15/100)/R15,0) -> 0 | T15: =COSH($S15)*COS($S15) -> 1 | U15: =SINH($S15)*SIN($S15) -> 0 | V15: =SINH($S15)*COS($S15) -> 0 | W15: =COSH($S15)*SIN($S15) -> 0 | X15: =$T15 -> 1 | Y15: =$U15 -> 0 | Z15: =SQRT(X15^2+Y15^2) -> 1 | AA15: =DEGREES(IF(Y15<>0,ATAN2(X15,Y15),0)) -> 0 | AB15: =AA15*$R$26/360 -> 0 | AC15: =IF($C15>0,-($R15/2/$G15)*($V15+$W15),0) -> 0 | AD15: =IF($C15>0,-($R15/2/$G15)*($W15-$V15),0) -> 0 | AE15: =SQRT(AC15^2+AD15^2) -> 0 | AF15: =DEGREES(IF(AD15<>0,ATAN2(AC15,AD15),0)) -> 0 | AG15: =AF15*$R$26/360 -> 0 | AH15: =IF($C15>0,-($G15/$R15)*($V15-$W15),0) -> 0 | AI15: =IF($C15>0,-($G15/$R15)*($V15+$W15),0) -> 0 | AJ15: =SQRT(AH15^2+AI15^2) -> 0 | AK15: =DEGREES(IF(AI15<>0,ATAN2(AH15,AI15),0)) -> 0 | AL15: =AK15*$R$26/360 -> 0 | AM15: =$T15 -> 1 | AN15: =$U15 -> 0 | AO15: =Z15 -> 1 | AP15: =DEGREES(IF(AN15<>0,ATAN2(AM15,AN15),0)) -> 0 | AQ15: =AP15*$R$26/360 -> 0
A16: =ROMAN(10) -> X | B16: =IF('Caratteristiche componente'!C16<>"",'Caratteristiche componente'!C16,"") | C16: ='Caratteristiche componente'!D16 | D16: =IF('Caratteristiche componente'!E16<>"",'Caratteristiche componente'!E16,"") | E16: =IF('Caratteristiche componente'!F16<>"",'Caratteristiche componente'!F16,"") | F16: =IF('Caratteristiche componente'!G16<>"",'Caratteristiche componente'!G16,"") | G16: =IF('Caratteristiche componente'!H16<>"",'Caratteristiche componente'!H16,IF('Caratteristiche componente'!I16<>"",C16/100/'Caratteristiche componente'!I16,"")) | H16: =IF($C16>0,IF(OR($B16="intercapedine",$B16="aria"),$C16/100/$K16,$G16)/($D16*$F16),"") | I16: =IF($C16>0,$C16/100*$D16,0) -> 0 | J16: =IF($C16>0,IF(OR('Caratteristiche componente'!$C16="intercapedine",'Caratteristiche componente'!$C16="aria",'Caratteristiche componente'!$C16="intercapedine d'aria"),0.01,$C16/100*$E16),0) -> 0 | K16: =IF($C16>0,IF(OR($B16="*intercapedine",$B16="*aria"),0.158,$C16/100/$G16),0) -> 0 | L16: =IF($C16>0,1/$K16,"") | M16: =IF($C16>0,$I16*$F16,0) -> 0 | O16: =$M16*($K$22+$K16/2) -> 0 | P16: =$M16*($K$21+$K$7+$K$8+$K$9+$K$10+$K$11+$K$12+$K$13+$K$14+$K$15+$K16/2) -> 0 | R16: =IF($C16>0,SQRT($H16*($R$26*3600)/PI()),0) -> 0 | S16: =IF($C16>0,($C16/100)/R16,0) -> 0 | T16: =COSH($S16)*COS($S16) -> 1 | U16: =SINH($S16)*SIN($S16) -> 0 | V16: =SINH($S16)*COS($S16) -> 0 | W16: =COSH($S16)*SIN($S16) -> 0 | X16: =$T16 -> 1 | Y16: =$U16 -> 0 | Z16: =SQRT(X16^2+Y16^2) -> 1 | AA16: =DEGREES(IF(Y16<>0,ATAN2(X16,Y16),0)) -> 0 | AB16: =AA16*$R$26/360 -> 0 | AC16: =IF($C16>0,-($R16/2/$G16)*($V16+$W16),0) -> 0 | AD16: =IF($C16>0,-($R16/2/$G16)*($W16-$V16),0) -> 0 | AE16: =SQRT(AC16^2+AD16^2) -> 0 | AF16: =DEGREES(IF(AD16<>0,ATAN2(AC16,AD16),0)) -> 0 | AG16: =AF16*$R$26/360 -> 0 | AH16: =IF($C16>0,-($G16/$R16)*($V16-$W16),0) -> 0 | AI16: =IF($C16>0,-($G16/$R16)*($V16+$W16),0) -> 0 | AJ16: =SQRT(AH16^2+AI16^2) -> 0 | AK16: =DEGREES(IF(AI16<>0,ATAN2(AH16,AI16),0)) -> 0 | AL16: =AK16*$R$26/360 -> 0 | AM16: =$T16 -> 1 | AN16: =$U16 -> 0 | AO16: =Z16 -> 1 | AP16: =DEGREES(IF(AN16<>0,ATAN2(AM16,AN16),0)) -> 0 | AQ16: =AP16*$R$26/360 -> 0
A17: Totale | C17: =SUM(C$7:C$16) -> 23 | I17: =SUM(I$7:I$16) -> 0 | J17: =SUM(J$7:J$16) -> 0 | K17: =SUM(K$7:K$16) -> 1.220202 | L17: =IF($C17>0,1/$K17,"") -> 0.81953642 | M17: =SUM(M$7:M$16) -> 0 | O17: =SUM(O$7:O$16) -> 0 | P17: =SUM(P$7:P$16) -> 0
X18: Z11 | AC18: Z12 | AH18: Z21 | AM18: Z22
K19: Rs | L19: hs | X19: reale | Y19: immag. | Z19: modulo | AA19: fase | AB19: fase | AC19: reale | AD19: immag. | AE19: modulo | AF19: fase | AG19: fase | AH19: reale | AI19: immag. | AJ19: modulo | AK19: fase | AL19: fase | AM19: reale | AN19: immag. | AO19: modulo | AP19: fase | AQ19: fase
K20: [m2°C/W] | L20: [W/m2°C] | X20: [-] | Y20: [-] | Z20: [-] | AA20: [°] | AB20: [h] | AC20: [m2°C/W] | AD20: [m2°C/W] | AE20: [m2°C/W] | AF20: [°] | AG20: [h] | AH20: [W/m2°C] | AI20: [W/m2°C] | AJ20: [W/m2°C] | AK20: [°] | AL20: [h] | AM20: [-] | AN20: [-] | AO20: [-] | AP20: [°] | AQ20: [h]
A21: Strato liminare interno | K21: ='Caratteristiche componente'!$I$6 -> 0.1 | L21: =1/K21 -> 10 | V21: Strato liminare interno | X21: 1 | Y21: 0 | Z21: =SQRT(X21^2+Y21^2) -> 1 | AA21: =DEGREES(IF(Y21<>0,ATAN2(X21,Y21),0)) -> 0 | AB21: =AA21*$R$26/360 -> 0 | AC21: =-$K21 -> -0.1 | AD21: 0 | AE21: =SQRT(AC21^2+AD21^2) -> 0.1 | AF21: =DEGREES(IF(AD21<>0,ATAN2(AC21,AD21),0)) -> 0 | AG21: =AF21*$R$26/360 -> 0 | AH21: 0 | AI21: 0 | AJ21: =SQRT(AH21^2+AI21^2) -> 0 | AK21: =DEGREES(IF(AI21<>0,ATAN2(AH21,AI21),0)) -> 0 | AL21: =AK21*$R$26/360 -> 0 | AM21: 1 | AN21: 0 | AO21: =Z21 -> 1 | AP21: =DEGREES(IF(AN21<>0,ATAN2(AM21,AN21),0)) -> 0 | AQ21: =AP21*$R$26/360 -> 0
A22: Strato liminare esterno | K22: ='Caratteristiche componente'!$I$17 -> 0.04 | L22: =1/K22 -> 25 | V22: Strato liminare esterno | X22: 1 | Y22: 0 | Z22: =SQRT(X22^2+Y22^2) -> 1 | AA22: =DEGREES(IF(Y22<>0,ATAN2(X22,Y22),0)) -> 0 | AB22: =AA22*$R$26/360 -> 0 | AC22: =-$K22 -> -0.04 | AD22: 0 | AE22: =SQRT(AC22^2+AD22^2) -> 0.04 | AF22: =DEGREES(IF(AD22<>0,ATAN2(AC22,AD22),0)) -> 0 | AG22: =AF22*$R$26/360 -> 0 | AH22: 0 | AI22: 0 | AJ22: =SQRT(AH22^2+AI22^2) -> 0 | AK22: =DEGREES(IF(AI22<>0,ATAN2(AH22,AI22),0)) -> 0 | AL22: =AK22*$R$26/360 -> 0 | AM22: 1 | AN22: 0 | AO22: =Z22 -> 1 | AP22: =DEGREES(IF(AN22<>0,ATAN2(AM22,AN22),0)) -> 0 | AQ22: =AP22*$R$26/360 -> 0
K24: R | L24: U | N24: TTC | O24: TTCi | P24: TTCe | R24: T | S24: w | X24: Z11 | AC24: Z12 | AH24: Z21 | AM24: Z22 | AR24: Yii = Y11 = -Z11/Z12 | AW24: Yee = Y22 = -Z22/Z12 | BB24: Yie = Y12 = -1/Z12
K25: [m2°C/W] | L25: [W/m2°C] | N25: [h] | O25: [h] | P25: [h] | R25: [h] | S25: [rad/s] | X25: reale | Y25: immag. | Z25: modulo | AA25: fase | AB25: fase | AC25: reale | AD25: immag. | AE25: modulo | AF25: fase | AG25: fase | AH25: reale | AI25: immag. | AJ25: modulo | AK25: fase | AL25: fase | AM25: reale | AN25: immag. | AO25: modulo | AP25: fase | AQ25: fase | AR25: reale | AS25: immag. | AT25: modulo | AU25: fase | AV25: fase | AW25: reale | AX25: immag. | AY25: modulo | AZ25: fase | BA25: fase | BB25: reale | BC25: immag. | BD25: modulo | BE25: fase | BF25: fase
K26: =$K$17+$K$21+$K$22 -> 1.360202 | L26: =1/$K$26 -> 0.73518491 | N26: =M17*K26/3600 -> 0 | O26: =$O$17/3600 -> 0 | P26: =$P$17/3600 -> 0 | R26: 24 | S26: =(2*PI())/(R26*3600) -> 7.2722052e-05 | X26: [-] | Y26: [-] | Z26: [-] | AA26: [°] | AB26: [h] | AC26: [m2°C/W] | AD26: [m2°C/W] | AE26: [m2°C/W] | AF26: [°] | AG26: [h] | AH26: [W/m2°C] | AI26: [W/m2°C] | AJ26: [W/m2°C] | AK26: [°] | AL26: [h] | AM26: [-] | AN26: [-] | AO26: [-] | AP26: [°] | AQ26: [h] | AR26: [W/m2°C] | AS26: [W/m2°C] | AT26: [W/m2°C] | AU26: [°] | AV26: [h] | AW26: [W/m2°C] | AX26: [W/m2°C] | AY26: [W/m2°C] | AZ26: [°] | BA26: [h] | BB26: [W/m2°C] | BC26: [W/m2°C] | BD26: [W/m2°C] | BE26: [°] | BF26: [h]
V27: Componente | X27: ='Calcoli matriciali'!$AP$9 -> #DIV/0! | Y27: ='Calcoli matriciali'!$AQ$9 | Z27: =SQRT(X27^2+Y27^2) -> #DIV/0! | AA27: =DEGREES(IF(Y27<>0,ATAN2(X27,Y27),0)) -> 0 | AB27: =AA27*$R$26/360 -> 0 | AC27: ='Calcoli matriciali'!$AR$9 | AD27: ='Calcoli matriciali'!$AS$9 | AE27: =SQRT(AC27^2+AD27^2) -> 0 | AF27: =DEGREES(IF(AD27<>0,ATAN2(AC27,AD27),0)) -> 0 | AG27: =AF27*$R$26/360 -> 0 | AH27: ='Calcoli matriciali'!$AP$11 | AI27: ='Calcoli matriciali'!$AQ$11 | AJ27: =SQRT(AH27^2+AI27^2) -> 0 | AK27: =DEGREES(IF(AI27<>0,ATAN2(AH27,AI27),0)) -> 0 | AL27: =AK27*$R$26/360 -> 0 | AM27: ='Calcoli matriciali'!$AR$11 | AN27: ='Calcoli matriciali'!$AS$11 | AO27: =SQRT(AM27^2+AN27^2) -> 0 | AP27: =DEGREES(IF(AN27<>0,ATAN2(AM27,AN27),0)) -> 0 | AQ27: =AP27*$R$26/360 -> 0 | AR27: =-($X27*$AC27+$Y27*$AD27)/($AC27^2+$AD27^2) -> #DIV/0! | AS27: =-($Y27*$AC27-$X27*$AD27)/($AC27^2+$AD27^2) -> #DIV/0! | AT27: =SQRT(AR27^2+AS27^2) -> #DIV/0! | AU27: =DEGREES(IF(AS27<>0,ATAN2(AR27,AS27),0)) -> #DIV/0! | AV27: =AU27*$R$26/360 -> #DIV/0! | AW27: =-($AM27*$AC27+$AN27*$AD27)/($AC27^2+$AD27^2) -> #DIV/0! | AX27: =-($AN27*$AC27-$AM27*$AD27)/($AC27^2+$AD27^2) -> #DIV/0! | AY27: =SQRT(AW27^2+AX27^2) -> #DIV/0! | AZ27: =DEGREES(IF(AX27<>0,ATAN2(AW27,AX27),0)) -> #DIV/0! | BA27: =AZ27*$R$26/360 -> #DIV/0! | BB27: =-$AC27/($AC27^2+$AD27^2) -> #DIV/0! | BC27: =$AD27/($AC27^2+$AD27^2) -> #DIV/0! | BD27: =SQRT(BB27^2+BC27^2) -> #DIV/0! | BE27: =DEGREES(IF(BC27<>0,ATAN2(BB27,BC27),0)) -> #DIV/0! | BF27: =BE27*$R$26/360 -> #DIV/0!
K28: DTYie | L28: |Yie| | N28: CF | O28: CFi | P28: CFe | V28: Componente + strati liminari | X28: ='Calcoli matriciali'!$F$14 -> #DIV/0! | Y28: ='Calcoli matriciali'!$G$14 | Z28: =SQRT(X28^2+Y28^2) -> #DIV/0! | AA28: =DEGREES(IF(Y28<>0,ATAN2(X28,Y28),0)) -> 0 | AB28: =AA28*$R$26/360 -> 0 | AC28: ='Calcoli matriciali'!$H$14 | AD28: ='Calcoli matriciali'!$I$14 | AE28: =SQRT(AC28^2+AD28^2) -> 0 | AF28: =DEGREES(IF(AD28<>0,ATAN2(AC28,AD28),0)) -> 0 | AG28: =AF28*$R$26/360 -> 0 | AH28: ='Calcoli matriciali'!$F$16 | AI28: ='Calcoli matriciali'!$G$16 | AJ28: =SQRT(AH28^2+AI28^2) -> 0 | AK28: =DEGREES(IF(AI28<>0,ATAN2(AH28,AI28),0)) -> 0 | AL28: =AK28*$R$26/360 -> 0 | AM28: ='Calcoli matriciali'!$H$16 | AN28: ='Calcoli matriciali'!$I$16 | AO28: =SQRT(AM28^2+AN28^2) -> 0 | AP28: =DEGREES(IF(AN28<>0,ATAN2(AM28,AN28),0)) -> 0 | AQ28: =AP28*$R$26/360 -> 0 | AR28: =-($X28*$AC28+$Y28*$AD28)/($AC28^2+$AD28^2) -> #DIV/0! | AS28: =-($Y28*$AC28-$X28*$AD28)/($AC28^2+$AD28^2) -> #DIV/0! | AT28: =SQRT(AR28^2+AS28^2) -> #DIV/0! | AU28: =DEGREES(IF(AS28<>0,ATAN2(AR28,AS28),0)) -> #DIV/0! | AV28: =AU28*$R$26/360 -> #DIV/0! | AW28: =-($AM28*$AC28+$AN28*$AD28)/($AC28^2+$AD28^2) -> #DIV/0! | AX28: =-($AN28*$AC28-$AM28*$AD28)/($AC28^2+$AD28^2) -> #DIV/0! | AY28: =SQRT(AW28^2+AX28^2) -> #DIV/0! | AZ28: =DEGREES(IF(AX28<>0,ATAN2(AW28,AX28),0)) -> #DIV/0! | BA28: =AZ28*$R$26/360 -> #DIV/0! | BB28: =-$AC28/($AC28^2+$AD28^2) -> #DIV/0! | BC28: =$AD28/($AC28^2+$AD28^2) -> #DIV/0! | BD28: =SQRT(BB28^2+BC28^2) -> #DIV/0! | BE28: =DEGREES(IF(BC28<>0,ATAN2(BB28,BC28),0)) -> #DIV/0! | BF28: =BE28*$R$26/360 -> #DIV/0!
K29: [h] | L29: [W/m2°C] | N29: [kJ/m2°C] | O29: [kJ/m2°C] | P29: [kJ/m2°C]
K30: =$BF$28 -> #DIV/0! | L30: =$BD$28 -> #DIV/0! | N30: =$M$17/1000 -> 0 | O30: =O$17/$K$26/1000 -> 0 | P30: =P$17/$K$26/1000 -> 0 | X30: Z'11 | AC30: Z'12 | AH30: Z'21 | AM30: Z'22 | AR30: Yii = Y'22 = -Z'22/Z'12 | AW30: Yee = Y'11 = -Z'11/Z'12 | BB30: Yei = Y'12 = -1/Z'12
L31: f = |Yie|/U | X31: reale | Y31: immag. | Z31: modulo | AA31: fase | AB31: fase | AC31: reale | AD31: immag. | AE31: modulo | AF31: fase | AG31: fase | AH31: reale | AI31: immag. | AJ31: modulo | AK31: fase | AL31: fase | AM31: reale | AN31: immag. | AO31: modulo | AP31: fase | AQ31: fase | AR31: reale | AS31: immag. | AT31: modulo | AU31: fase | AV31: fase | AW31: reale | AX31: immag. | AY31: modulo | AZ31: fase | BA31: fase | BB31: reale | BC31: immag. | BD31: modulo | BE31: fase | BF31: fase
L32: [-] | X32: [-] | Y32: [-] | Z32: [-] | AA32: [°] | AB32: [h] | AC32: [m2°C/W] | AD32: [m2°C/W] | AE32: [m2°C/W] | AF32: [°] | AG32: [h] | AH32: [W/m2°C] | AI32: [W/m2°C] | AJ32: [W/m2°C] | AK32: [°] | AL32: [h] | AM32: [-] | AN32: [-] | AO32: [-] | AP32: [°] | AQ32: [h] | AR32: [W/m2°C] | AS32: [W/m2°C] | AT32: [W/m2°C] | AU32: [°] | AV32: [h] | AW32: [W/m2°C] | AX32: [W/m2°C] | AY32: [W/m2°C] | AZ32: [°] | BA32: [h] | BB32: [W/m2°C] | BC32: [W/m2°C] | BD32: [W/m2°C] | BE32: [°] | BF32: [h]
L33: =$K$26*$BD$28 -> #DIV/0! | V33: Componente | X33: ='Calcoli matriciali'!$J$20 -> #DIV/0! | Y33: ='Calcoli matriciali'!$K$20 | Z33: =SQRT(X33^2+Y33^2) -> #DIV/0! | AA33: =DEGREES(IF(Y33<>0,ATAN2(X33,Y33),0)) -> 0 | AB33: =AA33*$R$26/360 -> 0 | AC33: ='Calcoli matriciali'!$L$20 | AD33: ='Calcoli matriciali'!$M$20 | AE33: =SQRT(AC33^2+AD33^2) -> 0 | AF33: =DEGREES(IF(AD33<>0,ATAN2(AC33,AD33),0)) -> 0 | AG33: =AF33*$R$26/360 -> 0 | AH33: ='Calcoli matriciali'!$J$22 | AI33: ='Calcoli matriciali'!$K$22 | AJ33: =SQRT(AH33^2+AI33^2) -> 0 | AK33: =DEGREES(IF(AI33<>0,ATAN2(AH33,AI33),0)) -> 0 | AL33: =AK33*$R$26/360 -> 0 | AM33: ='Calcoli matriciali'!$L$22 | AN33: ='Calcoli matriciali'!$M$22 | AO33: =SQRT(AM33^2+AN33^2) -> 0 | AP33: =DEGREES(IF(AN33<>0,ATAN2(AM33,AN33),0)) -> 0 | AQ33: =AP33*$R$26/360 -> 0 | AR33: =-($AM33*$AC33+$AN33*$AD33)/($AC33^2+$AD33^2) -> #DIV/0! | AS33: =-($AN33*$AC33-$AM33*$AD33)/($AC33^2+$AD33^2) -> #DIV/0! | AT33: =SQRT(AR33^2+AS33^2) -> #DIV/0! | AU33: =DEGREES(IF(AS33<>0,ATAN2(AR33,AS33),0)) -> #DIV/0! | AV33: =AU33*$R$26/360 -> #DIV/0! | AW33: =-($X33*$AC33+$Y33*$AD33)/($AC33^2+$AD33^2) -> #DIV/0! | AX33: =-($Y33*$AC33-$X33*$AD33)/($AC33^2+$AD33^2) -> #DIV/0! | AY33: =SQRT(AW33^2+AX33^2) -> #DIV/0! | AZ33: =DEGREES(IF(AX33<>0,ATAN2(AW33,AX33),0)) -> #DIV/0! | BA33: =AZ33*$R$26/360 -> #DIV/0! | BB33: =-$AC33/($AC33^2+$AD33^2) -> #DIV/0! | BC33: =$AD33/($AC33^2+$AD33^2) -> #DIV/0! | BD33: =SQRT(BB33^2+BC33^2) -> #DIV/0! | BE33: =DEGREES(IF(BC33<>0,ATAN2(BB33,BC33),0)) -> #DIV/0! | BF33: =BE33*$R$26/360 -> #DIV/0!
C34: old | D34: old adiab. | E34: new | V34: Componente + strati liminari | X34: ='Calcoli matriciali'!$AT$25 -> #DIV/0! | Y34: ='Calcoli matriciali'!$AU$25 | Z34: =SQRT(X34^2+Y34^2) -> #DIV/0! | AA34: =DEGREES(IF(Y34<>0,ATAN2(X34,Y34),0)) -> 0 | AB34: =AA34*$R$26/360 -> 0 | AC34: ='Calcoli matriciali'!$AV$25 | AD34: ='Calcoli matriciali'!$AW$25 | AE34: =SQRT(AC34^2+AD34^2) -> 0 | AF34: =DEGREES(IF(AD34<>0,ATAN2(AC34,AD34),0)) -> 0 | AG34: =AF34*$R$26/360 -> 0 | AH34: ='Calcoli matriciali'!$AT$27 | AI34: ='Calcoli matriciali'!$AU$27 | AJ34: =SQRT(AH34^2+AI34^2) -> 0 | AK34: =DEGREES(IF(AI34<>0,ATAN2(AH34,AI34),0)) -> 0 | AL34: =AK34*$R$26/360 -> 0 | AM34: ='Calcoli matriciali'!$AV$27 | AN34: ='Calcoli matriciali'!$AW$27 | AO34: =SQRT(AM34^2+AN34^2) -> 0 | AP34: =DEGREES(IF(AN34<>0,ATAN2(AM34,AN34),0)) -> 0 | AQ34: =AP34*$R$26/360 -> 0 | AR34: =-($AM34*$AC34+$AN34*$AD34)/($AC34^2+$AD34^2) -> #DIV/0! | AS34: =-($AN34*$AC34-$AM34*$AD34)/($AC34^2+$AD34^2) -> #DIV/0! | AT34: =SQRT(AR34^2+AS34^2) -> #DIV/0! | AU34: =DEGREES(IF(AS34<>0,ATAN2(AR34,AS34),0)) -> #DIV/0! | AV34: =AU34*$R$26/360 -> #DIV/0! | AW34: =-($X34*$AC34+$Y34*$AD34)/($AC34^2+$AD34^2) -> #DIV/0! | AX34: =-($Y34*$AC34-$X34*$AD34)/($AC34^2+$AD34^2) -> #DIV/0! | AY34: =SQRT(AW34^2+AX34^2) -> #DIV/0! | AZ34: =DEGREES(IF(AX34<>0,ATAN2(AW34,AX34),0)) -> #DIV/0! | BA34: =AZ34*$R$26/360 -> #DIV/0! | BB34: =-$AC34/($AC34^2+$AD34^2) -> #DIV/0! | BC34: =$AD34/($AC34^2+$AD34^2) -> #DIV/0! | BD34: =SQRT(BB34^2+BC34^2) -> #DIV/0! | BE34: =DEGREES(IF(BC34<>0,ATAN2(BB34,BC34),0)) -> #DIV/0! | BF34: =BE34*$R$26/360 -> #DIV/0!
C35: c i | D35: c i | E35: c i | K35: DTYii | L35: |Yii|
C36: [kJ/m2°C] | D36: [kJ/m2°C] | E36: [kJ/m2°C] | K36: [h] | L36: [W/m2°C] | AR36: 1/Yii = 1/Y11 = -Z12/Z11 | AW36: 1/Yee = 1/Y22 = -Z12/Z22
C37: =1/ABS($AS$40)/$S$26/1000 -> #DIV/0! | D37: =1/ABS($AS$52)/$S$26/1000 -> #DIV/0! | E37: =$AT$46/$S$26/1000 -> #DIV/0! | K37: =$AV$28 -> #DIV/0! | L37: =$AT$28 -> #DIV/0! | AR37: reale | AS37: immag. | AT37: modulo | AU37: fase | AV37: fase | AW37: reale | AX37: immag. | AY37: modulo | AZ37: fase | BA37: fase
L38: |Yii|/U | AR38: [m2°C/W] | AS38: [m2°C/W] | AT38: [m2°C/W] | AU38: [°] | AV38: [h] | AW38: [m2°C/W] | AX38: [m2°C/W] | AY38: [m2°C/W] | AZ38: [°] | BA38: [h]
L39: [-] | AP39: Compon. | AR39: =AR27/(AR27^2+AS27^2) -> #DIV/0! | AS39: =-AS27/(AR27^2+AS27^2) -> #DIV/0! | AT39: =SQRT(AR39^2+AS39^2) -> #DIV/0! | AU39: =DEGREES(IF(AS39<>0,ATAN2(AR39,AS39),0)) -> #DIV/0! | AV39: =AU39*$R$26/360 -> #DIV/0! | AW39: =AW27/(AW27^2+AX27^2) -> #DIV/0! | AX39: =-AX27/(AW27^2+AX27^2) -> #DIV/0! | AY39: =SQRT(AW39^2+AX39^2) -> #DIV/0! | AZ39: =DEGREES(IF(AX39<>0,ATAN2(AW39,AX39),0)) -> #DIV/0! | BA39: =AZ39*$R$26/360 -> #DIV/0!
L40: =$K$26*$AT$28 -> #DIV/0! | AP40: Compon. + strati liminari | AR40: =AR28/(AR28^2+AS28^2) -> #DIV/0! | AS40: =-AS28/(AR28^2+AS28^2) -> #DIV/0! | AT40: =SQRT(AR40^2+AS40^2) -> #DIV/0! | AU40: =DEGREES(IF(AS40<>0,ATAN2(AR40,AS40),0)) -> #DIV/0! | AV40: =AU40*$R$26/360 -> #DIV/0! | AW40: =AW28/(AW28^2+AX28^2) -> #DIV/0! | AX40: =-AX28/(AW28^2+AX28^2) -> #DIV/0! | AY40: =SQRT(AW40^2+AX40^2) -> #DIV/0! | AZ40: =DEGREES(IF(AX40<>0,ATAN2(AW40,AX40),0)) -> #DIV/0! | BA40: =AZ40*$R$26/360 -> #DIV/0!
C42: c e | D42: c e | E42: c e | K42: DTYee | L42: |Yee| | AR42: Ammettenza comp. adiabatico Yiiad = (Yii - Yie ) = (1-Z11)/Z12 | AW42: Ammetenza comp. adiabatico Yeead = (Yee - Yie ) = (1-Z22)/Z12
C43: [kJ/m2°C] | D43: [kJ/m2°C] | E43: [kJ/m2°C] | K43: [h] | L43: [W/m2°C] | AR43: reale | AS43: immag. | AT43: modulo | AU43: fase | AV43: fase | AW43: reale | AX43: immag. | AY43: modulo | AZ43: fase | BA43: fase
C44: =1/ABS($AX$40)/$S$26/1000 -> #DIV/0! | D44: =1/ABS($AX$52)/$S$26/1000 -> #DIV/0! | E44: =$AY$46/$S$26/1000 -> #DIV/0! | K44: =$BA$28 -> #DIV/0! | L44: =$AY$28 -> #DIV/0! | AR44: [W/m2°C] | AS44: [W/m2°C] | AT44: [W/m2°C] | AU44: [°] | AV44: [h] | AW44: [W/m2°C] | AX44: [W/m2°C] | AY44: [W/m2°C] | AZ44: [°] | BA44: [h]
L45: |Yee|/U | AP45: Compon. | AR45: =AR27-$BB27 -> #DIV/0! | AS45: =AS27-$BC27 -> #DIV/0! | AT45: =SQRT(AR45^2+AS45^2) -> #DIV/0! | AU45: =DEGREES(IF(AS45<>0,ATAN2(AR45,AS45),0)) -> #DIV/0! | AV45: =AU45*$R$26/360 -> #DIV/0! | AW45: =AW27-$BB27 -> #DIV/0! | AX45: =AX27-$BC27 -> #DIV/0! | AY45: =SQRT(AW45^2+AX45^2) -> #DIV/0! | AZ45: =DEGREES(IF(AX45<>0,ATAN2(AW45,AX45),0)) -> #DIV/0! | BA45: =AZ45*$R$26/360 -> #DIV/0!
L46: [-] | AP46: Compon. + strati liminari | AR46: =AR28-$BB28 -> #DIV/0! | AS46: =AS28-$BC28 -> #DIV/0! | AT46: =SQRT(AR46^2+AS46^2) -> #DIV/0! | AU46: =DEGREES(IF(AS46<>0,ATAN2(AR46,AS46),0)) -> #DIV/0! | AV46: =AU46*$R$26/360 -> #DIV/0! | AW46: =AW28-$BB28 -> #DIV/0! | AX46: =AX28-$BC28 -> #DIV/0! | AY46: =SQRT(AW46^2+AX46^2) -> #DIV/0! | AZ46: =DEGREES(IF(AX46<>0,ATAN2(AW46,AX46),0)) -> #DIV/0! | BA46: =AZ46*$R$26/360 -> #DIV/0!
L47: =$K$26*$AY$28 -> #DIV/0!
AR48: 1/Yiiad = Z12/(1-Z11) | AW48: 1/Yeead = Z12/(1-Z22)
AR49: reale | AS49: immag. | AT49: modulo | AU49: fase | AV49: fase | AW49: reale | AX49: immag. | AY49: modulo | AZ49: fase | BA49: fase
AR50: [m2°C/W] | AS50: [m2°C/W] | AT50: [m2°C/W] | AU50: [°] | AV50: [h] | AW50: [m2°C/W] | AX50: [m2°C/W] | AY50: [m2°C/W] | AZ50: [°] | BA50: [h]
AP51: Compon. | AR51: =AR45/(AR45^2+AS45^2) -> #DIV/0! | AS51: =-AS45/(AR45^2+AS45^2) -> #DIV/0! | AT51: =SQRT(AR51^2+AS51^2) -> #DIV/0! | AU51: =DEGREES(IF(AS51<>0,ATAN2(AR51,AS51),0)) -> #DIV/0! | AV51: =AU51*$R$26/360 -> #DIV/0! | AW51: =AW45/(AW45^2+AX45^2) -> #DIV/0! | AX51: =-AX45/(AW45^2+AX45^2) -> #DIV/0! | AY51: =SQRT(AW51^2+AX51^2) -> #DIV/0! | AZ51: =DEGREES(IF(AX51<>0,ATAN2(AW51,AX51),0)) -> #DIV/0! | BA51: =AZ51*$R$26/360 -> #DIV/0!
AP52: Compon. + strati liminari | AR52: =AR46/(AR46^2+AS46^2) -> #DIV/0! | AS52: =-AS46/(AR46^2+AS46^2) -> #DIV/0! | AT52: =SQRT(AR52^2+AS52^2) -> #DIV/0! | AU52: =DEGREES(IF(AS52<>0,ATAN2(AR52,AS52),0)) -> #DIV/0! | AV52: =AU52*$R$26/360 -> #DIV/0! | AW52: =AW46/(AW46^2+AX46^2) -> #DIV/0! | AX52: =-AX46/(AW46^2+AX46^2) -> #DIV/0! | AY52: =SQRT(AW52^2+AX52^2) -> #DIV/0! | AZ52: =DEGREES(IF(AX52<>0,ATAN2(AW52,AX52),0)) -> #DIV/0! | BA52: =AZ52*$R$26/360 -> #DIV/0!
AR54: Fattore di smorzamento superficiale (fsi) | AW54: Fattore di smorzamento superficiale (fse)
AR55: reale | AS55: immag. | AT55: modulo | AU55: fase | AV55: fase | AW55: reale | AX55: immag. | AY55: modulo | AZ55: fase | BA55: fase
AR56: [-] | AS56: [-] | AT56: [-] | AU56: [°] | AV56: [h] | AW56: [-] | AX56: [-] | AY56: [-] | AZ56: [°] | BA56: [h]
AR57: =1-$K$21*AR28 -> #DIV/0! | AS57: =-$K$21*AS28 -> #DIV/0! | AT57: =SQRT(AR57^2+AS57^2) -> #DIV/0! | AU57: =DEGREES(IF(AS57<>0,ATAN2(AR57,AS57),0)) -> #DIV/0! | AV57: =AU57*$R$26/360 -> #DIV/0! | AW57: =1-$K$22*AW28 -> #DIV/0! | AX57: =-$K$22*AX28 -> #DIV/0! | AY57: =SQRT(AW57^2+AX57^2) -> #DIV/0! | AZ57: =DEGREES(IF(AX57<>0,ATAN2(AW57,AX57),0)) -> #DIV/0! | BA57: =AZ57*$R$26/360 -> #DIV/0!
AR59: Fattore di smorzamento superficiale comp. adiabatico (fsi) | AW59: Fattore di smorzamento superficiale comp. adiabatico (fse)
AR60: reale | AS60: immag. | AT60: modulo | AU60: fase | AV60: fase | AW60: reale | AX60: immag. | AY60: modulo | AZ60: fase | BA60: fase
AR61: [-] | AS61: [-] | AT61: [-] | AU61: [°] | AV61: [h] | AW61: [-] | AX61: [-] | AY61: [-] | AZ61: [°] | BA61: [h]
AR62: =1-$K$21*AR46 -> #DIV/0! | AS62: =-$K$21*AS46 -> #DIV/0! | AT62: =SQRT(AR62^2+AS62^2) -> #DIV/0! | AU62: =DEGREES(IF(AS62<>0,ATAN2(AR62,AS62),0)) -> #DIV/0! | AV62: =AU62*$R$26/360 -> #DIV/0! | AW62: =1-$K$22*AW46 -> #DIV/0! | AX62: =-$K$22*AX46 -> #DIV/0! | AY62: =SQRT(AW62^2+AX62^2) -> #DIV/0! | AZ62: =DEGREES(IF(AX62<>0,ATAN2(AW62,AX62),0)) -> #DIV/0! | BA62: =AZ62*$R$26/360 -> #DIV/0!

Sheet Calcoli matriciali
B2: Matrice di trasf. dei singoli strati | D2: Zsi | H2: ZI | L2: ZII | P2: ZIII | T2: ZIV | X2: ZV | AB2: ZVI | AF2: ZVII | AJ2: ZVIII | AN2: ZIX | AR2: ZX | AV2: Zse
D3: ='Calcoli componente'!$X$21 -> 1 | E3: ='Calcoli componente'!$Y$21 -> 0 | F3: ='Calcoli componente'!$AC$21 -> -0.1 | G3: ='Calcoli componente'!$AD$21 -> 0 | H3: ='Calcoli componente'!$X$7 -> #DIV/0! | I3: ='Calcoli componente'!$Y$7 -> #DIV/0! | J3: ='Calcoli componente'!$AC$7 -> #DIV/0! | K3: ='Calcoli componente'!$AD$7 -> #DIV/0! | L3: ='Calcoli componente'!$X$8 -> #DIV/0! | M3: ='Calcoli componente'!$Y$8 -> #DIV/0! | N3: ='Calcoli componente'!$AC$8 -> #DIV/0! | O3: ='Calcoli componente'!$AD$8 -> #DIV/0! | P3: ='Calcoli componente'!$X$9 -> #DIV/0! | Q3: ='Calcoli componente'!$Y$9 -> #DIV/0! | R3: ='Calcoli componente'!$AC$9 -> #DIV/0! | S3: ='Calcoli componente'!$AD$9 -> #DIV/0! | T3: ='Calcoli componente'!$X$10 -> 1 | U3: ='Calcoli componente'!$Y$10 -> 0 | V3: ='Calcoli componente'!$AC$10 -> 0 | W3: ='Calcoli componente'!$AD$10 -> 0 | X3: ='Calcoli componente'!$X$11 -> 1 | Y3: ='Calcoli componente'!$Y$11 -> 0 | Z3: ='Calcoli componente'!$AC$11 -> 0 | AA3: ='Calcoli componente'!$AD$11 -> 0 | AB3: ='Calcoli componente'!$X$12 -> 1 | AC3: ='Calcoli componente'!$Y$12 -> 0 | AD3: ='Calcoli componente'!$AC$12 -> 0 | AE3: ='Calcoli componente'!$AD$12 -> 0 | AF3: ='Calcoli componente'!$X$13 -> 1 | AG3: ='Calcoli componente'!$Y$13 -> 0 | AH3: ='Calcoli componente'!$AC$13 -> 0 | AI3: ='Calcoli componente'!$AD$13 -> 0 | AJ3: ='Calcoli componente'!$X$14 -> 1 | AK3: ='Calcoli componente'!$Y$14 -> 0 | AL3: ='Calcoli componente'!$AC$14 -> 0 | AM3: ='Calcoli componente'!$AD$14 -> 0 | AN3: ='Calcoli componente'!$X$15 -> 1 | AO3: ='Calcoli componente'!$Y$15 -> 0 | AP3: ='Calcoli componente'!$AC$15 -> 0 | AQ3: ='Calcoli componente'!$AD$15 -> 0 | AR3: ='Calcoli componente'!$X$16 -> 1 | AS3: ='Calcoli componente'!$Y$16 -> 0 | AT3: ='Calcoli componente'!$AC$16 -> 0 | AU3: ='Calcoli componente'!$AD$16 -> 0 | AV3: ='Calcoli componente'!$X$22 -> 1 | AW3: ='Calcoli componente'!$Y$22 -> 0 | AX3: ='Calcoli componente'!$AC$22 -> -0.04 | AY3: ='Calcoli componente'!$AD$22 -> 0
D4: =-'Calcoli componente'!$Y$21 -> 0 | E4: ='Calcoli componente'!$X$21 -> 1 | F4: =-'Calcoli componente'!$AD$21 -> 0 | G4: ='Calcoli componente'!$AC$21 -> -0.1 | H4: =-'Calcoli componente'!$Y$7 -> #DIV/0! | I4: ='Calcoli componente'!$X$7 -> #DIV/0! | J4: =-'Calcoli componente'!$AD$7 -> #DIV/0! | K4: ='Calcoli componente'!$AC$7 -> #DIV/0! | L4: =-'Calcoli componente'!$Y$8 -> #DIV/0! | M4: ='Calcoli componente'!$X$8 -> #DIV/0! | N4: =-'Calcoli componente'!$AD$8 -> #DIV/0! | O4: ='Calcoli componente'!$AC$8 -> #DIV/0! | P4: =-'Calcoli componente'!$Y$9 -> #DIV/0! | Q4: ='Calcoli componente'!$X$9 -> #DIV/0! | R4: =-'Calcoli componente'!$AD$9 -> #DIV/0! | S4: ='Calcoli componente'!$AC$9 -> #DIV/0! | T4: =-'Calcoli componente'!$Y$10 -> 0 | U4: ='Calcoli componente'!$X$10 -> 1 | V4: =-'Calcoli componente'!$AD$10 -> 0 | W4: ='Calcoli componente'!$AC$10 -> 0 | X4: =-'Calcoli componente'!$Y$11 -> 0 | Y4: ='Calcoli componente'!$X$11 -> 1 | Z4: =-'Calcoli componente'!$AD$11 -> 0 | AA4: ='Calcoli componente'!$AC$11 -> 0 | AB4: =-'Calcoli componente'!$Y$12 -> 0 | AC4: ='Calcoli componente'!$X$12 -> 1 | AD4: =-'Calcoli componente'!$AD$12 -> 0 | AE4: ='Calcoli componente'!$AC$12 -> 0 | AF4: =-'Calcoli componente'!$Y$13 -> 0 | AG4: ='Calcoli componente'!$X$13 -> 1 | AH4: =-'Calcoli componente'!$AD$13 -> 0 | AI4: ='Calcoli componente'!$AC$13 -> 0 | AJ4: =-'Calcoli componente'!$Y$14 -> 0 | AK4: ='Calcoli componente'!$X$14 -> 1 | AL4: =-'Calcoli componente'!$AD$14 -> 0 | AM4: ='Calcoli componente'!$AC$14 -> 0 | AN4: =-'Calcoli componente'!$Y$15 -> 0 | AO4: ='Calcoli componente'!$X$15 -> 1 | AP4: =-'Calcoli componente'!$AD$15 -> 0 | AQ4: ='Calcoli componente'!$AC$15 -> 0 | AR4: =-'Calcoli componente'!$Y$16 -> 0 | AS4: ='Calcoli componente'!$X$16 -> 1 | AT4: =-'Calcoli componente'!$AD$16 -> 0 | AU4: ='Calcoli componente'!$AC$16 -> 0 | AV4: =-'Calcoli componente'!$Y$22 -> 0 | AW4: ='Calcoli componente'!$X$22 -> 1 | AX4: =-'Calcoli componente'!$AD$22 -> 0 | AY4: ='Calcoli componente'!$AC$22 -> -0.04
D5: ='Calcoli componente'!$AH$21 -> 0 | E5: ='Calcoli componente'!$AI$21 -> 0 | F5: ='Calcoli componente'!$AM$21 -> 1 | G5: ='Calcoli componente'!$AN$21 -> 0 | H5: ='Calcoli componente'!$AH$7 -> #DIV/0! | I5: ='Calcoli componente'!$AI$7 -> #DIV/0! | J5: ='Calcoli componente'!$AM$7 -> #DIV/0! | K5: ='Calcoli componente'!$AN$7 -> #DIV/0! | L5: ='Calcoli componente'!$AH$8 -> #DIV/0! | M5: ='Calcoli componente'!$AI$8 -> #DIV/0! | N5: ='Calcoli componente'!$AM$8 -> #DIV/0! | O5: ='Calcoli componente'!$AN$8 -> #DIV/0! | P5: ='Calcoli componente'!$AH$9 -> #DIV/0! | Q5: ='Calcoli componente'!$AI$9 -> #DIV/0! | R5: ='Calcoli componente'!$AM$9 -> #DIV/0! | S5: ='Calcoli componente'!$AN$9 -> #DIV/0! | T5: ='Calcoli componente'!$AH$10 -> 0 | U5: ='Calcoli componente'!$AI$10 -> 0 | V5: ='Calcoli componente'!$AM$10 -> 1 | W5: ='Calcoli componente'!$AN$10 -> 0 | X5: ='Calcoli componente'!$AH$11 -> 0 | Y5: ='Calcoli componente'!$AI$11 -> 0 | Z5: ='Calcoli componente'!$AM$11 -> 1 | AA5: ='Calcoli componente'!$AN$11 -> 0 | AB5: ='Calcoli componente'!$AH$12 -> 0 | AC5: ='Calcoli componente'!$AI$12 -> 0 | AD5: ='Calcoli componente'!$AM$12 -> 1 | AE5: ='Calcoli componente'!$AN$12 -> 0 | AF5: ='Calcoli componente'!$AH$13 -> 0 | AG5: ='Calcoli componente'!$AI$13 -> 0 | AH5: ='Calcoli componente'!$AM$13 -> 1 | AI5: ='Calcoli componente'!$AN$13 -> 0 | AJ5: ='Calcoli componente'!$AH$14 -> 0 | AK5: ='Calcoli componente'!$AI$14 -> 0 | AL5: ='Calcoli componente'!$AM$14 -> 1 | AM5: ='Calcoli componente'!$AN$14 -> 0 | AN5: ='Calcoli componente'!$AH$15 -> 0 | AO5: ='Calcoli componente'!$AI$15 -> 0 | AP5: ='Calcoli componente'!$AM$15 -> 1 | AQ5: ='Calcoli componente'!$AN$15 -> 0 | AR5: ='Calcoli componente'!$AH$16 -> 0 | AS5: ='Calcoli componente'!$AI$16 -> 0 | AT5: ='Calcoli componente'!$AM$16 -> 1 | AU5: ='Calcoli componente'!$AN$16 -> 0 | AV5: ='Calcoli componente'!$AH$22 -> 0 | AW5: ='Calcoli componente'!$AI$22 -> 0 | AX5: ='Calcoli componente'!$AM$22 -> 1 | AY5: ='Calcoli componente'!$AN$22 -> 0
D6: =-'Calcoli componente'!$AI$21 -> 0 | E6: ='Calcoli componente'!$AH$21 -> 0 | F6: =-'Calcoli componente'!$AN21 -> 0 | G6: ='Calcoli componente'!$AM$21 -> 1 | H6: =-'Calcoli componente'!$AI$7 -> #DIV/0! | I6: ='Calcoli componente'!$AH$7 -> #DIV/0! | J6: =-'Calcoli componente'!$AN$7 -> #DIV/0! | K6: ='Calcoli componente'!$AM$7 -> #DIV/0! | L6: =-'Calcoli componente'!$AI$8 -> #DIV/0! | M6: ='Calcoli componente'!$AH$8 -> #DIV/0! | N6: =-'Calcoli componente'!$AN$8 -> #DIV/0! | O6: ='Calcoli componente'!$AM$8 -> #DIV/0! | P6: =-'Calcoli componente'!$AI$9 -> #DIV/0! | Q6: ='Calcoli componente'!$AH$9 -> #DIV/0! | R6: =-'Calcoli componente'!$AN$9 -> #DIV/0! | S6: ='Calcoli componente'!$AM$9 -> #DIV/0! | T6: =-'Calcoli componente'!$AI$10 -> 0 | U6: ='Calcoli componente'!$AH$10 -> 0 | V6: =-'Calcoli componente'!$AN$10 -> 0 | W6: ='Calcoli componente'!$AM$10 -> 1 | X6: =-'Calcoli componente'!$AI$11 -> 0 | Y6: ='Calcoli componente'!$AH$11 -> 0 | Z6: =-'Calcoli componente'!$AN$11 -> 0 | AA6: ='Calcoli componente'!$AM$11 -> 1 | AB6: =-'Calcoli componente'!$AI$12 -> 0 | AC6: ='Calcoli componente'!$AH$12 -> 0 | AD6: =-'Calcoli componente'!$AN$12 -> 0 | AE6: ='Calcoli componente'!$AM$12 -> 1 | AF6: =-'Calcoli componente'!$AI$13 -> 0 | AG6: ='Calcoli componente'!$AH$13 -> 0 | AH6: =-'Calcoli componente'!$AN$13 -> 0 | AI6: ='Calcoli componente'!$AM$13 -> 1 | AJ6: =-'Calcoli componente'!$AI$14 -> 0 | AK6: ='Calcoli componente'!$AH$14 -> 0 | AL6: =-'Calcoli componente'!$AN$14 -> 0 | AM6: ='Calcoli componente'!$AM$14 -> 1 | AN6: =-'Calcoli componente'!$AI$15 -> 0 | AO6: ='Calcoli componente'!$AH$15 -> 0 | AP6: =-'Calcoli componente'!$AN$15 -> 0 | AQ6: ='Calcoli componente'!$AM$15 -> 1 | AR6: =-'Calcoli componente'!$AI$16 -> 0 | AS6: ='Calcoli componente'!$AH$16 -> 0 | AT6: =-'Calcoli componente'!$AN$16 -> 0 | AU6: ='Calcoli componente'!$AM$16 -> 1 | AV6: =-'Calcoli componente'!$AI$22 -> 0 | AW6: ='Calcoli componente'!$AH$22 -> 0 | AX6: =-'Calcoli componente'!$AN$22 -> 0 | AY6: ='Calcoli componente'!$AM$22 -> 1
B8: Matrice di trasf. del componente dall'interno all'esterno | J8: Z II·Z I | N8: Z III·Z II·Z I | R8: Z IV·Z III·Z II·Z I | V8: ZV·Z IV·Z III·Z II·Z I | Z8: ZVI·ZV·Z IV·Z III·Z II·Z I | AD8: ZVII·ZVI·ZV·Z IV·Z III·Z II·Z I | AH8: ZVIII·ZVII·ZVI·ZV·Z IV·Z III·Z II·Z I | AL8: Z IX·ZVIII·ZVII·ZVI·ZV·Z IV·Z III·Z II·Z I | AP8: Z = ZX·Z IX·ZVIII·ZVII·ZVI·ZV·Z IV·Z III·Z II·Z I | AT8: Zse·Z
J9: {=MMULT(L3:O6,H3:K6)} -> #DIV/0! | N9: {=MMULT(P3:S6,J9:M12)} -> #DIV/0! | R9: {=MMULT(T3:W6,N9:Q12)} -> #DIV/0! | V9: {=MMULT(X3:AA6,R9:U12)} -> #DIV/0! | Z9: {=MMULT(AB3:AE6,V9:Y12)} -> #DIV/0! | AD9: {=MMULT(AF3:AI6,Z9:AC12)} -> #DIV/0! | AH9: {=MMULT(AJ3:AM6,AD9:AG12)} -> #DIV/0! | AL9: {=MMULT(AN3:AQ6,AH9:AK12)} -> #DIV/0! | AP9: {=MMULT(AR3:AU6,AL9:AO12)} -> #DIV/0! | AT9: {=MMULT(AV3:AY6,AP9:AS12)} -> #DIV/0!
F13: Zse · Z · Zsi
F14: {=MMULT(AT9:AW12,D3:G6)} -> #DIV/0!
B19: Matrice di trasf. del componente dall'esterno all'interno | F19: Zsi · Z' | J19: Z' = Z I·Z II·Z III·Z IV·ZV·ZVI·ZVII·ZVIII·Z IX·ZX | N19: Z II·Z III·Z IV·ZV·ZVI·ZVII·ZVIII·Z IX·ZX | R19: Z III·Z IV·ZV·ZVI·ZVII·ZVIII·Z IX·ZX | V19: Z IV·ZV·ZVI·ZVII·ZVIII·Z IX·ZX | Z19: ZV·ZVI·ZVII·ZVIII·Z IX·ZX | AD19: ZVI·ZVII·ZVIII·Z IX·ZX | AH19: ZVII·ZVIII·Z IX·ZX | AL19: ZVIII·Z IX·ZX | AP19: Z IX·ZX
F20: {=MMULT(D3:G6,J20:M23)} -> #DIV/0! | J20: {=MMULT(H3:K6,N20:Q23)} -> #DIV/0! | N20: {=MMULT(L3:O6,R20:U23)} -> #DIV/0! | R20: {=MMULT(P3:S6,V20:Y23)} -> #DIV/0! | V20: {=MMULT(T3:W6,Z20:AC23)} -> 1 | W20: 0 | X20: 0 | Y20: 0 | Z20: {=MMULT(X3:AA6,AD20:AG23)} -> 1 | AA20: 0 | AB20: 0 | AC20: 0 | AD20: {=MMULT(AB3:AE6,AH20:AK23)} -> 1 | AE20: 0 | AF20: 0 | AG20: 0 | AH20: {=MMULT(AF3:AI6,AL20:AO23)} -> 1 | AI20: 0 | AJ20: 0 | AK20: 0 | AL20: {=MMULT(AJ3:AM6,AP20:AS23)} -> 1 | AM20: 0 | AN20: 0 | AO20: 0 | AP20: {=MMULT(AN3:AQ6,AR3:AU6)} -> 1 | AQ20: 0 | AR20: 0 | AS20: 0
V21: 0 | W21: 1 | X21: 0 | Y21: 0 | Z21: 0 | AA21: 1 | AB21: 0 | AC21: 0 | AD21: 0 | AE21: 1 | AF21: 0 | AG21: 0 | AH21: 0 | AI21: 1 | AJ21: 0 | AK21: 0 | AL21: 0 | AM21: 1 | AN21: 0 | AO21: 0 | AP21: 0 | AQ21: 1 | AR21: 0 | AS21: 0
V22: 0 | W22: 0 | X22: 1 | Y22: 0 | Z22: 0 | AA22: 0 | AB22: 1 | AC22: 0 | AD22: 0 | AE22: 0 | AF22: 1 | AG22: 0 | AH22: 0 | AI22: 0 | AJ22: 1 | AK22: 0 | AL22: 0 | AM22: 0 | AN22: 1 | AO22: 0 | AP22: 0 | AQ22: 0 | AR22: 1 | AS22: 0
V23: 0 | W23: 0 | X23: 0 | Y23: 1 | Z23: 0 | AA23: 0 | AB23: 0 | AC23: 1 | AD23: 0 | AE23: 0 | AF23: 0 | AG23: 1 | AH23: 0 | AI23: 0 | AJ23: 0 | AK23: 1 | AL23: 0 | AM23: 0 | AN23: 0 | AO23: 1 | AP23: 0 | AQ23: 0 | AR23: 0 | AS23: 1
AT24: Zsi · Z' · Zse
AT25: {=MMULT(F20:I23,AV3:AY6)} -> #DIV/0!

Sheet Condensa
B2: Città | C2: Zona climatica
B3: Torino | C3: =DGET(Temperatura!$B$1:$O$102,"Zona climatica",Condensa!$B$2:$B$3) -> E
E5: Gennaio | F5: Febbraio | G5: Marzo | H5: Aprile | I5: Maggio | J5: Giugno | K5: Luglio | L5: Agosto | M5: Settembre | N5: Ottobre | O5: Novembre | P5: Dicembre
B6: Temperatura esterna | C6: θe | D6: [°C] | E6: =DGET(Temperatura!$B$1:$O$102,"Gen",Condensa!$B$2:$B$3) -> 0.4 | F6: =DGET(Temperatura!$B$1:$O$102,"Feb",Condensa!$B$2:$B$3) -> 3.2 | G6: =DGET(Temperatura!$B$1:$O$102,"Mar",Condensa!$B$2:$B$3) -> 8.2 | H6: =DGET(Temperatura!$B$1:$O$102,"Apr",Condensa!$B$2:$B$3) -> 12.7 | I6: =DGET(Temperatura!$B$1:$O$102,"Mag",Condensa!$B$2:$B$3) -> 16.7 | J6: =DGET(Temperatura!$B$1:$O$102,"Giu",Condensa!$B$2:$B$3) -> 21.1 | K6: =DGET(Temperatura!$B$1:$O$102,"Lug",Condensa!$B$2:$B$3) -> 23.3 | L6: =DGET(Temperatura!$B$1:$O$102,"Ago",Condensa!$B$2:$B$3) -> 22.6 | M6: =DGET(Temperatura!$B$1:$O$102,"Set",Condensa!$B$2:$B$3) -> 18.8 | N6: =DGET(Temperatura!$B$1:$O$102,"Ott",Condensa!$B$2:$B$3) -> 12.6 | O6: =DGET(Temperatura!$B$1:$O$102,"Nov",Condensa!$B$2:$B$3) -> 6.8 | P6: =DGET(Temperatura!$B$1:$O$102,"Dic",Condensa!$B$2:$B$3) -> 2
B7: Pressione di vapore esterna | C7: pe | D7: [Pa] | E7: =DGET('Pressione vapore'!$B$1:$N$102,"Gen",Condensa!$B$2:$B$3) -> 516 | F7: =DGET('Pressione vapore'!$B$1:$N$102,"Feb",Condensa!$B$2:$B$3) -> 606 | G7: =DGET('Pressione vapore'!$B$1:$N$102,"Mar",Condensa!$B$2:$B$3) -> 583 | H7: =DGET('Pressione vapore'!$B$1:$N$102,"Apr",Condensa!$B$2:$B$3) -> 804 | I7: =DGET('Pressione vapore'!$B$1:$N$102,"Mag",Condensa!$B$2:$B$3) -> 1235 | J7: =DGET('Pressione vapore'!$B$1:$N$102,"Giu",Condensa!$B$2:$B$3) -> 1702 | K7: =DGET('Pressione vapore'!$B$1:$N$102,"Lug",Condensa!$B$2:$B$3) -> 1837 | L7: =DGET('Pressione vapore'!$B$1:$N$102,"Ago",Condensa!$B$2:$B$3) -> 1953 | M7: =DGET('Pressione vapore'!$B$1:$N$102,"Set",Condensa!$B$2:$B$3) -> 1504 | N7: =DGET('Pressione vapore'!$B$1:$N$102,"Ott",Condensa!$B$2:$B$3) -> 1180 | O7: =DGET('Pressione vapore'!$B$1:$N$102,"Nov",Condensa!$B$2:$B$3) -> 841 | P7: =DGET('Pressione vapore'!$B$1:$N$102,"Dic",Condensa!$B$2:$B$3) -> 606
B8: Umidità relativa esterna | C8: je | D8: [%] | E8: =E$7/pvs_t(E$6) -> #NAME? | F8: =F$7/pvs_t(F$6) -> #NAME? | G8: =G$7/pvs_t(G$6) -> #NAME? | H8: =H$7/pvs_t(H$6) -> #NAME? | I8: =I$7/pvs_t(I$6) -> #NAME? | J8: =J$7/pvs_t(J$6) -> #NAME? | K8: =K$7/pvs_t(K$6) -> #NAME? | L8: =L$7/pvs_t(L$6) -> #NAME? | ... P8: =P$7/pvs_t(P$6) -> #NAME?
B9: Temperatura interna | C9: θi | D9: [°C] | E9: =MAX(20,E6) -> 20 | F9: =MAX(20,F6) -> 20 | G9: =MAX(20,G6) -> 20 | H9: =MAX(20,H6) -> 20 | I9: =MAX(20,I6) -> 20 | J9: =MAX(20,J6) -> 21.1 | K9: =MAX(20,K6) -> 23.3 | L9: =MAX(20,L6) -> 22.6 | ... P9: =MAX(20,P6) -> 20
B10: Differenza pressione di vapore | C10: Δp | D10: [Pa] | E10: =IF(E$6<=0,$Q10,IF(E$6>=20,0,$Q10*(1-E$6/20))) -> 793.8 | F10: =IF(F$6<=0,$Q10,IF(F$6>=20,0,$Q10*(1-F$6/20))) -> 680.4 | G10: =IF(G$6<=0,$Q10,IF(G$6>=20,0,$Q10*(1-G$6/20))) -> 477.9 | H10: =IF(H$6<=0,$Q10,IF(H$6>=20,0,$Q10*(1-H$6/20))) -> 295.65 | I10: =IF(I$6<=0,$Q10,IF(I$6>=20,0,$Q10*(1-I$6/20))) -> 133.65 | J10: =IF(J$6<=0,$Q10,IF(J$6>=20,0,$Q10*(1-J$6/20))) -> 0 | K10: =IF(K$6<=0,$Q10,IF(K$6>=20,0,$Q10*(1-K$6/20))) -> 0 | L10: =IF(L$6<=0,$Q10,IF(L$6>=20,0,$Q10*(1-L$6/20))) -> 0 | ... P10: =IF(P$6<=0,$Q10,IF(P$6>=20,0,$Q10*(1-P$6/20))) -> 729 | Q10: 810 | R10: Δpmax
B11: Pressione di vapore interna | C11: pi | D11: [Pa] | E11: =E$7+E$10*1.1 -> 1389.18 | F11: =F$7+F$10*1.1 -> 1354.44 | G11: =G$7+G$10*1.1 -> 1108.69 | H11: =H$7+H$10*1.1 -> 1129.215 | I11: =I$7+I$10*1.1 -> 1382.015 | J11: =J$7+J$10*1.1 -> 1702 | K11: =K$7+K$10*1.1 -> 1837 | L11: =L$7+L$10*1.1 -> 1953 | ... P11: =P$7+P$10*1.1 -> 1407.9
B12: Umidità relativa interna | C12: ji | D12: [%] | E12: =E$11/pvs_t(E$9) -> #NAME? | F12: =F$11/pvs_t(F$9) -> #NAME? | G12: =G$11/pvs_t(G$9) -> #NAME? | H12: =H$11/pvs_t(H$9) -> #NAME? | I12: =I$11/pvs_t(I$9) -> #NAME? | J12: =J$11/pvs_t(J$9) -> #NAME? | K12: =K$11/pvs_t(K$9) -> #NAME? | L12: =L$11/pvs_t(L$9) -> #NAME? | ... P12: =P$11/pvs_t(P$9) -> #NAME?
B13: Temperatura superficiale min. | C13: θsi,min | D13: [°C] | E13: =tsat(E11/0.8) -> #NAME? | F13: =tsat(F11/0.8) -> #NAME? | G13: =tsat(G11/0.8) -> #NAME? | H13: =tsat(H11/0.8) -> #NAME? | I13: =tsat(I11/0.8) -> #NAME? | J13: =tsat(J11/0.8) -> #NAME? | K13: =tsat(K11/0.8) -> #NAME? | L13: =tsat(L11/0.8) -> #NAME? | ... P13: =tsat(P11/0.8) -> #NAME?
B14: Fattore di temperatura minimo | C14: fRsi,min | D14: [-] | E14: =IF(E13>E6,(E13-E6)/(E9-E6),0) -> #NAME? | F14: =IF(F13>F6,(F13-F6)/(F9-F6),0) -> #NAME? | G14: =IF(G13>G6,(G13-G6)/(G9-G6),0) -> #NAME? | H14: =IF(H13>H6,(H13-H6)/(H9-H6),0) -> #NAME? | I14: =IF(I13>I6,(I13-I6)/(I9-I6),0) -> #NAME? | J14: =IF(J13>J6,(J13-J6)/(J9-J6),0) -> #NAME? | K14: =IF(K13>K6,(K13-K6)/(K9-K6),0) -> #NAME? | L14: =IF(L13>L6,(L13-L6)/(L9-L6),0) -> #NAME? | ... P14: =IF(P13>P6,(P13-P6)/(P9-P6),0) -> #NAME? | Q14: =IF(Glaser!$K$20>MAX(Condensa!E14:P14),"NO COND. SUP.","SI COND. SUP.") -> #NAME?
B15: Massa di vapore condensata | C15: mcond | D15: [g/m2] | E15: {=INDEX(Glaser!$K$20:$CP$20,1,7*(imese(Condensa!E$5)-1)+7)*ngiorni(imese(Condensa!E$5))*24*3600*1000} -> #NAME? | F15: {=INDEX(Glaser!$K$20:$CP$20,1,7*(imese(Condensa!F$5)-1)+7)*ngiorni(imese(Condensa!F$5))*24*3600*1000} -> #NAME? | G15: {=INDEX(Glaser!$K$20:$CP$20,1,7*(imese(Condensa!G$5)-1)+7)*ngiorni(imese(Condensa!G$5))*24*3600*1000} -> #NAME? | H15: {=INDEX(Glaser!$K$20:$CP$20,1,7*(imese(Condensa!H$5)-1)+7)*ngiorni(imese(Condensa!H$5))*24*3600*1000} -> #NAME? | I15: {=INDEX(Glaser!$K$20:$CP$20,1,7*(imese(Condensa!I$5)-1)+7)*ngiorni(imese(Condensa!I$5))*24*3600*1000} -> #NAME? | J15: {=INDEX(Glaser!$K$20:$CP$20,1,7*(imese(Condensa!J$5)-1)+7)*ngiorni(imese(Condensa!J$5))*24*3600*1000} -> #NAME? | K15: {=INDEX(Glaser!$K$20:$CP$20,1,7*(imese(Condensa!K$5)-1)+7)*ngiorni(imese(Condensa!K$5))*24*3600*1000} -> #NAME? | L15: {=INDEX(Glaser!$K$20:$CP$20,1,7*(imese(Condensa!L$5)-1)+7)*ngiorni(imese(Condensa!L$5))*24*3600*1000} -> #NAME? | ... P15: {=INDEX(Glaser!$K$20:$CP$20,1,7*(imese(Condensa!P$5)-1)+7)*ngiorni(imese(Condensa!P$5))*24*3600*1000} -> #NAME? | Q15: =IF(MAX(Condensa!E15:P15)<=0.05,"NO COND. INT.","SI COND. INT.") -> #NAME?
B17: Mese
B18: Gennaio

Sheet Glaser
K3: Gennaio | R3: Febbraio | Y3: Marzo | AF3: Aprile | AM3: Maggio | AT3: Giugno | BA3: Luglio | BH3: Agosto | BO3: Settembre | BV3: Ottobre | CC3: Novembre | CJ3: Dicembre
A4: Stratigrafia | C4: Spessore | D4: Proprietà materiali | F4: Caratteristiche. strati | J4: s'd | K4: θ | L4: ps | M4: p | N4: *** | O4: *** | P4: pcorr | Q4: g | R4: θ | S4: ps | T4: p | U4: *** | V4: *** | W4: pcorr | X4: g | Y4: θ | Z4: ps | AA4: p | AB4: *** | AC4: *** | AD4: pcorr | AE4: g | AF4: θ | AG4: ps | AH4: p | AI4: *** | AJ4: *** | AK4: pcorr | AL4: g | AM4: θ | AN4: ps | AO4: p | AP4: *** | AQ4: *** | AR4: pcorr | AS4: g | AT4: θ | AU4: ps | AV4: p | AW4: *** | AX4: *** | AY4: pcorr | AZ4: g | BA4: θ | BB4: ps | BC4: p | BD4: *** | BE4: *** | BF4: pcorr | BG4: g | BH4: θ | BI4: ps | BJ4: p | BK4: *** | BL4: *** | BM4: pcorr | BN4: g | BO4: θ | BP4: ps | BQ4: p | BR4: *** | BS4: *** | BT4: pcorr | BU4: g | BV4: θ | BW4: ps | BX4: p | BY4: *** | BZ4: *** | CA4: pcorr | CB4: g | CC4: θ | CD4: ps | CE4: p | CF4: *** | CG4: *** | CH4: pcorr | CI4: g | CJ4: θ | CK4: ps | CL4: p | CM4: *** | CN4: *** | CO4: pcorr | CP4: g
C5: s | D5: m | E5: l | F5: sd | G5: R | J5: [m] | K5: [°C] | L5: [Pa] | M5: [Pa] | P5: [Pa] | Q5: [kg/m2s] | R5: [°C] | S5: [Pa] | T5: [Pa] | W5: [Pa] | X5: [kg/m2s] | Y5: [°C] | Z5: [Pa] | AA5: [Pa] | AD5: [Pa] | AE5: [kg/m2s] | AF5: [°C] | AG5: [Pa] | AH5: [Pa] | AK5: [Pa] | AL5: [kg/m2s] | AM5: [°C] | AN5: [Pa] | AO5: [Pa] | AR5: [Pa] | AS5: [kg/m2s] | AT5: [°C] | AU5: [Pa] | AV5: [Pa] | AY5: [Pa] | AZ5: [kg/m2s] | BA5: [°C] | BB5: [Pa] | BC5: [Pa] | BF5: [Pa] | BG5: [kg/m2s] | BH5: [°C] | BI5: [Pa] | BJ5: [Pa] | BM5: [Pa] | BN5: [kg/m2s] | BO5: [°C] | BP5: [Pa] | BQ5: [Pa] | BT5: [Pa] | BU5: [kg/m2s] | BV5: [°C] | BW5: [Pa] | BX5: [Pa] | CA5: [Pa] | CB5: [kg/m2s] | CC5: [°C] | CD5: [Pa] | CE5: [Pa] | CH5: [Pa] | CI5: [kg/m2s] | CJ5: [°C] | CK5: [Pa] | CL5: [Pa] | CO5: [Pa] | CP5: [kg/m2s]
A6: (int-est) | C6: [cm] | D6: [-] | E6: [W/m°C] | F6: [m] | G6: [m2°C/W] | I6: i | K6: =Condensa!$E$9 -> 20 | L6: =pvs_t(K6) -> #NAME? | M6: =Condensa!$E$11 -> 1389.18 | R6: =Condensa!$F$9 -> 20 | S6: =pvs_t(R6) -> #NAME? | T6: =Condensa!$F$11 -> 1354.44 | Y6: =Condensa!$G$9 -> 20 | Z6: =pvs_t(Y6) -> #NAME? | AA6: =Condensa!$G$11 -> 1108.69 | AF6: =Condensa!$H$9 -> 20 | AG6: =pvs_t(AF6) -> #NAME? | AH6: =Condensa!$H$11 -> 1129.215 | AM6: =Condensa!$I$9 -> 20 | AN6: =pvs_t(AM6) -> #NAME? | AO6: =Condensa!$I$11 -> 1382.015 | AT6: =Condensa!$J$9 -> 21.1 | AU6: =pvs_t(AT6) -> #NAME? | AV6: =Condensa!$J$11 -> 1702 | BA6: =Condensa!$K$9 -> 23.3 | BB6: =pvs_t(BA6) -> #NAME? | BC6: =Condensa!$K$11 -> 1837 | BH6: =Condensa!$L$9 -> 22.6 | BI6: =pvs_t(BH6) -> #NAME? | BJ6: =Condensa!$L$11 -> 1953 | BO6: =Condensa!$M$9 -> 20 | BP6: =pvs_t(BO6) -> #NAME? | BQ6: =Condensa!$M$11 -> 1557.46 | BV6: =Condensa!$N$9 -> 20 | BW6: =pvs_t(BV6) -> #NAME? | BX6: =Condensa!$N$11 -> 1509.67 | CC6: =Condensa!$O$9 -> 20 | CD6: =pvs_t(CC6) -> #NAME? | CE6: =Condensa!$O$11 -> 1429.06 | CJ6: =Condensa!$P$9 -> 20 | CK6: =pvs_t(CJ6) -> #NAME? | CL6: =Condensa!$P$11 -> 1407.9
A7: =ROMAN(1) -> I | B7: ='Calcoli componente'!B7 -> intonaco | C7: ='Calcoli componente'!C7 -> 1 | D7: ='Calcoli componente'!E7 | E7: ='Calcoli componente'!G7 -> 0.9 | F7: ='Calcoli componente'!J7 -> 0 | G7: ='Calcoli componente'!K7 -> 0.011111111 | I7: i - I | J7: =0 -> 0 | K7: =K6-(K$6-K$18)*0.25/$G$19 -> 16.755401 | L7: =pvs_t(K7) -> #NAME? | M7: =M6 -> 1389.18 | N7: 0 | O7: =IF(AND(N7>0,N7=MAX(N$7:N$17)),1,0) -> #DIV/0! | P7: =M7 -> 1389.18 | Q7: =0.0000000002*(P7-P8)/($J8-$J7) -> #DIV/0! | R7: =R6-(R$6-R$18)*0.25/$G$19 -> 17.218915 | S7: =pvs_t(R7) -> #NAME? | T7: =T6 -> 1354.44 | U7: 0 | V7: =IF(AND(U7>0,U7=MAX(U$7:U$17)),1,0) -> #DIV/0! | W7: =T7 -> 1354.44 | X7: =0.0000000002*(W7-W8)/($J8-$J7) -> #DIV/0! | Y7: =Y6-(Y$6-Y$18)*0.25/$G$19 -> 18.046619 | Z7: =pvs_t(Y7) -> #NAME? | AA7: =AA6 -> 1108.69 | AB7: 0 | AC7: =IF(AND(AB7>0,AB7=MAX(AB$7:AB$17)),1,0) -> #DIV/0! | AD7: =AA7 -> 1108.69 | AE7: =0.0000000002*(AD7-AD8)/($J8-$J7) -> #DIV/0! | AF7: =AF6-(AF$6-AF$18)*0.25/$G$19 -> 18.791552 | AG7: =pvs_t(AF7) -> #NAME? | AH7: =AH6 -> 1129.215 | AI7: 0 | AJ7: =IF(AND(AI7>0,AI7=MAX(AI$7:AI$17)),1,0) -> #DIV/0! | AK7: =AH7 -> 1129.215 | AL7: =0.0000000002*(AK7-AK8)/($J8-$J7) -> #DIV/0! | AM7: =AM6-(AM$6-AM$18)*0.25/$G$19 -> 19.453715 | AN7: =pvs_t(AM7) -> #NAME? | AO7: =AO6 -> 1382.015 | AP7: 0 | AQ7: =IF(AND(AP7>0,AP7=MAX(AP$7:AP$17)),1,0) -> #DIV/0! | AR7: =AO7 -> 1382.015 | AS7: =0.0000000002*(AR7-AR8)/($J8-$J7) -> #DIV/0! | AT7: =AT6-(AT$6-AT$18)*0.25/$G$19 -> 21.1 | AU7: =pvs_t(AT7) -> #NAME? | AV7: =AV6 -> 1702 | AW7: 0 | AX7: =IF(AND(AW7>0,AW7=MAX(AW$7:AW$17)),1,0) -> #DIV/0! | AY7: =AV7 -> 1702 | AZ7: =0.0000000002*(AY7-AY8)/($J8-$J7) -> #DIV/0! | BA7: =BA6-(BA$6-BA$18)*0.25/$G$19 -> 23.3 | BB7: =pvs_t(BA7) -> #NAME? | BC7: =BC6 -> 1837 | BD7: 0 | BE7: =IF(AND(BD7>0,BD7=MAX(BD$7:BD$17)),1,0) -> #DIV/0! | BF7: =BC7 -> 1837 | BG7: =0.0000000002*(BF7-BF8)/($J8-$J7) -> #DIV/0! | BH7: =BH6-(BH$6-BH$18)*0.25/$G$19 -> 22.6 | BI7: =pvs_t(BH7) -> #NAME? | BJ7: =BJ6 -> 1953 | BK7: 0 | BL7: =IF(AND(BK7>0,BK7=MAX(BK$7:BK$17)),1,0) -> #DIV/0! | BM7: =BJ7 -> 1953 | BN7: =0.0000000002*(BM7-BM8)/($J8-$J7) -> #DIV/0! | BO7: =BO6-(BO$6-BO$18)*0.25/$G$19 -> 19.801351 | BP7: =pvs_t(BO7) -> #NAME? | BQ7: =BQ6 -> 1557.46 | BR7: 0 | BS7: =IF(AND(BR7>0,BR7=MAX(BR$7:BR$17)),1,0) -> #DIV/0! | BT7: =BQ7 -> 1557.46 | BU7: =0.0000000002*(BT7-BT8)/($J8-$J7) -> #DIV/0! | BV7: =BV6-(BV$6-BV$18)*0.25/$G$19 -> 18.774998 | BW7: =pvs_t(BV7) -> #NAME? | BX7: =BX6 -> 1509.67 | BY7: 0 | BZ7: =IF(AND(BY7>0,BY7=MAX(BY$7:BY$17)),1,0) -> #DIV/0! | CA7: =BX7 -> 1509.67 | CB7: =0.0000000002*(CA7-CA8)/($J8-$J7) -> #DIV/0! | CC7: =CC6-(CC$6-CC$18)*0.25/$G$19 -> 17.814862 | CD7: =pvs_t(CC7) -> #NAME? | CE7: =CE6 -> 1429.06 | CF7: 0 | CG7: =IF(AND(CF7>0,CF7=MAX(CF$7:CF$17)),1,0) -> #DIV/0! | CH7: =CE7 -> 1429.06 | CI7: =0.0000000002*(CH7-CH8)/($J8-$J7) -> #DIV/0! | CJ7: =CJ6-(CJ$6-CJ$18)*0.25/$G$19 -> 17.020266 | CK7: =pvs_t(CJ7) -> #NAME? | CL7: =CL6 -> 1407.9 | CM7: 0 | CN7: =IF(AND(CM7>0,CM7=MAX(CM$7:CM$17)),1,0) -> #DIV/0! | CO7: =CL7 -> 1407.9 | CP7: =0.0000000002*(CO7-CO8)/($J8-$J7) -> #DIV/0!
A8: =ROMAN(2) -> II | B8: =IF('Caratteristiche componente'!C8<>"",'Caratteristiche componente'!C8,"") -> solaio | C8: ='Calcoli componente'!C8 -> 18 | D8: ='Calcoli componente'!E8 | E8: ='Calcoli componente'!G8 -> 0.6 | F8: ='Calcoli componente'!J8 -> 0 | G8: ='Calcoli componente'!K8 -> 0.3 | I8: I - II | J8: =J7+F7 -> 0 | K8: =K7-(K$6-K$18)*$G7/$G$19 -> 16.611197 | L8: =pvs_t(K8) -> #NAME? | M8: =M$7-(M$7-M$17)*$J8/$F$17 -> #DIV/0! | N8: =IF(M8>L8,(M$7-L8)/$J8,0) -> #DIV/0! | O8: =IF(AND(N8>0,N8=MAX(N$7:N$17)),2,0) -> #DIV/0! | P8: =IF($F7=0,P7,IF($J8<=N$20,P$7-(P$7-P$20)*$J8/N$20,IF(M8>L8,L8,P7-(P7-P$17)*($J8-$J7)/($J$17-$J7)))) -> 1389.18 | Q8: =IF($F8=0,Q7,0.0000000002*(P8-P9)/($J9-$J8)) -> #DIV/0! | R8: =R7-(R$6-R$18)*$G7/$G$19 -> 17.095311 | S8: =pvs_t(R8) -> #NAME? | T8: =T$7-(T$7-T$17)*$J8/$F$17 -> #DIV/0! | U8: =IF(T8>S8,(T$7-S8)/$J8,0) -> #DIV/0! | V8: =IF(AND(U8>0,U8=MAX(U$7:U$17)),2,0) -> #DIV/0! | W8: =IF($F7=0,W7,IF($J8<=U$20,W$7-(W$7-W$20)*$J8/U$20,IF(T8>S8,S8,W7-(W7-W$17)*($J8-$J7)/($J$17-$J7)))) -> 1354.44 | X8: =IF($F8=0,X7,0.0000000002*(W8-W9)/($J9-$J8)) -> #DIV/0! | Y8: =Y7-(Y$6-Y$18)*$G7/$G$19 -> 17.959802 | Z8: =pvs_t(Y8) -> #NAME? | AA8: =AA$7-(AA$7-AA$17)*$J8/$F$17 -> #DIV/0! | AB8: =IF(AA8>Z8,(AA$7-Z8)/$J8,0) -> #DIV/0! | AC8: =IF(AND(AB8>0,AB8=MAX(AB$7:AB$17)),2,0) -> #DIV/0! | AD8: =IF($F7=0,AD7,IF($J8<=AB$20,AD$7-(AD$7-AD$20)*$J8/AB$20,IF(AA8>Z8,Z8,AD7-(AD7-AD$17)*($J8-$J7)/($J$17-$J7)))) -> 1108.69 | AE8: =IF($F8=0,AE7,0.0000000002*(AD8-AD9)/($J9-$J8)) -> #DIV/0! | AF8: =AF7-(AF$6-AF$18)*$G7/$G$19 -> 18.737844 | AG8: =pvs_t(AF8) -> #NAME? | AH8: =AH$7-(AH$7-AH$17)*$J8/$F$17 -> #DIV/0! | AI8: =IF(AH8>AG8,(AH$7-AG8)/$J8,0) -> #DIV/0! | AJ8: =IF(AND(AI8>0,AI8=MAX(AI$7:AI$17)),2,0) -> #DIV/0! | AK8: =IF($F7=0,AK7,IF($J8<=AI$20,AK$7-(AK$7-AK$20)*$J8/AI$20,IF(AH8>AG8,AG8,AK7-(AK7-AK$17)*($J8-$J7)/($J$17-$J7)))) -> 1129.215 | AL8: =IF($F8=0,AL7,0.0000000002*(AK8-AK9)/($J9-$J8)) -> #DIV/0! | AM8: =AM7-(AM$6-AM$18)*$G7/$G$19 -> 19.429436 | AN8: =pvs_t(AM8) -> #NAME? | AO8: =AO$7-(AO$7-AO$17)*$J8/$F$17 -> #DIV/0! | AP8: =IF(AO8>AN8,(AO$7-AN8)/$J8,0) -> #DIV/0! | AQ8: =IF(AND(AP8>0,AP8=MAX(AP$7:AP$17)),2,0) -> #DIV/0! | AR8: =IF($F7=0,AR7,IF($J8<=AP$20,AR$7-(AR$7-AR$20)*$J8/AP$20,IF(AO8>AN8,AN8,AR7-(AR7-AR$17)*($J8-$J7)/($J$17-$J7)))) -> 1382.015 | AS8: =IF($F8=0,AS7,0.0000000002*(AR8-AR9)/($J9-$J8)) -> #DIV/0! | AT8: =AT7-(AT$6-AT$18)*$G7/$G$19 -> 21.1 | AU8: =pvs_t(AT8) -> #NAME? | AV8: =AV$7-(AV$7-AV$17)*$J8/$F$17 -> #DIV/0! | AW8: =IF(AV8>AU8,(AV$7-AU8)/$J8,0) -> #DIV/0! | AX8: =IF(AND(AW8>0,AW8=MAX(AW$7:AW$17)),2,0) -> #DIV/0! | AY8: =IF($F7=0,AY7,IF($J8<=AW$20,AY$7-(AY$7-AY$20)*$J8/AW$20,IF(AV8>AU8,AU8,AY7-(AY7-AY$17)*($J8-$J7)/($J$17-$J7)))) -> 1702 | AZ8: =IF($F8=0,AZ7,0.0000000002*(AY8-AY9)/($J9-$J8)) -> #DIV/0! | BA8: =BA7-(BA$6-BA$18)*$G7/$G$19 -> 23.3 | BB8: =pvs_t(BA8) -> #NAME? | BC8: =BC$7-(BC$7-BC$17)*$J8/$F$17 -> #DIV/0! | BD8: =IF(BC8>BB8,(BC$7-BB8)/$J8,0) -> #DIV/0! | BE8: =IF(AND(BD8>0,BD8=MAX(BD$7:BD$17)),2,0) -> #DIV/0! | BF8: =IF($F7=0,BF7,IF($J8<=BD$20,BF$7-(BF$7-BF$20)*$J8/BD$20,IF(BC8>BB8,BB8,BF7-(BF7-BF$17)*($J8-$J7)/($J$17-$J7)))) -> 1837 | BG8: =IF($F8=0,BG7,0.0000000002*(BF8-BF9)/($J9-$J8)) -> #DIV/0! | BH8: =BH7-(BH$6-BH$18)*$G7/$G$19 -> 22.6 | BI8: =pvs_t(BH8) -> #NAME? | BJ8: =BJ$7-(BJ$7-BJ$17)*$J8/$F$17 -> #DIV/0! | BK8: =IF(BJ8>BI8,(BJ$7-BI8)/$J8,0) -> #DIV/0! | BL8: =IF(AND(BK8>0,BK8=MAX(BK$7:BK$17)),2,0) -> #DIV/0! | BM8: =IF($F7=0,BM7,IF($J8<=BK$20,BM$7-(BM$7-BM$20)*$J8/BK$20,IF(BJ8>BI8,BI8,BM7-(BM7-BM$17)*($J8-$J7)/($J$17-$J7)))) -> 1953 | BN8: =IF($F8=0,BN7,0.0000000002*(BM8-BM9)/($J9-$J8)) -> #DIV/0! | BO8: =BO7-(BO$6-BO$18)*$G7/$G$19 -> 19.792522 | BP8: =pvs_t(BO8) -> #NAME? | BQ8: =BQ$7-(BQ$7-BQ$17)*$J8/$F$17 -> #DIV/0! | BR8: =IF(BQ8>BP8,(BQ$7-BP8)/$J8,0) -> #DIV/0! | BS8: =IF(AND(BR8>0,BR8=MAX(BR$7:BR$17)),2,0) -> #DIV/0! | BT8: =IF($F7=0,BT7,IF($J8<=BR$20,BT$7-(BT$7-BT$20)*$J8/BR$20,IF(BQ8>BP8,BP8,BT7-(BT7-BT$17)*($J8-$J7)/($J$17-$J7)))) -> 1557.46 | BU8: =IF($F8=0,BU7,0.0000000002*(BT8-BT9)/($J9-$J8)) -> #DIV/0! | BV8: =BV7-(BV$6-BV$18)*$G7/$G$19 -> 18.720554 | BW8: =pvs_t(BV8) -> #NAME? | BX8: =BX$7-(BX$7-BX$17)*$J8/$F$17 -> #DIV/0! | BY8: =IF(BX8>BW8,(BX$7-BW8)/$J8,0) -> #DIV/0! | BZ8: =IF(AND(BY8>0,BY8=MAX(BY$7:BY$17)),2,0) -> #DIV/0! | CA8: =IF($F7=0,CA7,IF($J8<=BY$20,CA$7-(CA$7-CA$20)*$J8/BY$20,IF(BX8>BW8,BW8,CA7-(CA7-CA$17)*($J8-$J7)/($J$17-$J7)))) -> 1509.67 | CB8: =IF($F8=0,CB7,0.0000000002*(CA8-CA9)/($J9-$J8)) -> #DIV/0! | CC8: =CC7-(CC$6-CC$18)*$G7/$G$19 -> 17.717745 | CD8: =pvs_t(CC8) -> #NAME? | CE8: =CE$7-(CE$7-CE$17)*$J8/$F$17 -> #DIV/0! | CF8: =IF(CE8>CD8,(CE$7-CD8)/$J8,0) -> #DIV/0! | CG8: =IF(AND(CF8>0,CF8=MAX(CF$7:CF$17)),2,0) -> #DIV/0! | CH8: =IF($F7=0,CH7,IF($J8<=CF$20,CH$7-(CH$7-CH$20)*$J8/CF$20,IF(CE8>CD8,CD8,CH7-(CH7-CH$17)*($J8-$J7)/($J$17-$J7)))) -> 1429.06 | CI8: =IF($F8=0,CI7,0.0000000002*(CH8-CH9)/($J9-$J8)) -> #DIV/0! | CJ8: =CJ7-(CJ$6-CJ$18)*$G7/$G$19 -> 16.887834 | CK8: =pvs_t(CJ8) -> #NAME? | CL8: =CL$7-(CL$7-CL$17)*$J8/$F$17 -> #DIV/0! | CM8: =IF(CL8>CK8,(CL$7-CK8)/$J8,0) -> #DIV/0! | CN8: =IF(AND(CM8>0,CM8=MAX(CM$7:CM$17)),2,0) -> #DIV/0! | CO8: =IF($F7=0,CO7,IF($J8<=CM$20,CO$7-(CO$7-CO$20)*$J8/CM$20,IF(CL8>CK8,CK8,CO7-(CO7-CO$17)*($J8-$J7)/($J$17-$J7)))) -> 1407.9 | CP8: =IF($F8=0,CP7,0.0000000002*(CO8-CO9)/($J9-$J8)) -> #DIV/0!
A9: =ROMAN(3) -> III | B9: =IF('Caratteristiche componente'!C9<>"",'Caratteristiche componente'!C9,"") -> iso | C9: ='Calcoli componente'!C9 -> 4 | D9: ='Calcoli componente'!E9 | E9: ='Calcoli componente'!G9 -> 0.044 | F9: ='Calcoli componente'!J9 -> 0 | G9: ='Calcoli componente'!K9 -> 0.90909091 | I9: II- III | J9: =J8+F8 -> 0 | K9: =K8-(K$6-K$18)*$G8/$G$19 -> 12.717678 | L9: =pvs_t(K9) -> #NAME? | M9: =M$7-(M$7-M$17)*$J9/$F$17 -> #DIV/0! | N9: =IF(M9>L9,(M$7-L9)/$J9,0) -> #DIV/0! | O9: =IF(AND(N9>0,N9=MAX(N$7:N$17)),3,0) -> #DIV/0! | P9: =IF($F8=0,P8,IF($J9<=N$20,P$7-(P$7-P$20)*$J9/N$20,IF(M9>L9,L9,P8-(P8-P$17)*($J9-$J8)/($J$17-$J8)))) -> 1389.18 | Q9: =IF($F9=0,Q8,0.0000000002*(P9-P10)/($J10-$J9)) -> #DIV/0! | R9: =R8-(R$6-R$18)*$G8/$G$19 -> 13.75801 | S9: =pvs_t(R9) -> #NAME? | T9: =T$7-(T$7-T$17)*$J9/$F$17 -> #DIV/0! | U9: =IF(T9>S9,(T$7-S9)/$J9,0) -> #DIV/0! | V9: =IF(AND(U9>0,U9=MAX(U$7:U$17)),3,0) -> #DIV/0! | W9: =IF($F8=0,W8,IF($J9<=U$20,W$7-(W$7-W$20)*$J9/U$20,IF(T9>S9,S9,W8-(W8-W$17)*($J9-$J8)/($J$17-$J8)))) -> 1354.44 | X9: =IF($F9=0,X8,0.0000000002*(W9-W10)/($J10-$J9)) -> #DIV/0! | Y9: =Y8-(Y$6-Y$18)*$G8/$G$19 -> 15.615745 | Z9: =pvs_t(Y9) -> #NAME? | AA9: =AA$7-(AA$7-AA$17)*$J9/$F$17 -> #DIV/0! | AB9: =IF(AA9>Z9,(AA$7-Z9)/$J9,0) -> #DIV/0! | AC9: =IF(AND(AB9>0,AB9=MAX(AB$7:AB$17)),3,0) -> #DIV/0! | AD9: =IF($F8=0,AD8,IF($J9<=AB$20,AD$7-(AD$7-AD$20)*$J9/AB$20,IF(AA9>Z9,Z9,AD8-(AD8-AD$17)*($J9-$J8)/($J$17-$J8)))) -> 1108.69 | AE9: =IF($F9=0,AE8,0.0000000002*(AD9-AD10)/($J10-$J9)) -> #DIV/0! | AF9: =AF8-(AF$6-AF$18)*$G8/$G$19 -> 17.287707 | AG9: =pvs_t(AF9) -> #NAME? | AH9: =AH$7-(AH$7-AH$17)*$J9/$F$17 -> #DIV/0! | AI9: =IF(AH9>AG9,(AH$7-AG9)/$J9,0) -> #DIV/0! | AJ9: =IF(AND(AI9>0,AI9=MAX(AI$7:AI$17)),3,0) -> #DIV/0! | AK9: =IF($F8=0,AK8,IF($J9<=AI$20,AK$7-(AK$7-AK$20)*$J9/AI$20,IF(AH9>AG9,AG9,AK8-(AK8-AK$17)*($J9-$J8)/($J$17-$J8)))) -> 1129.215 | AL9: =IF($F9=0,AL8,0.0000000002*(AK9-AK10)/($J10-$J9)) -> #DIV/0! | AM9: =AM8-(AM$6-AM$18)*$G8/$G$19 -> 18.773895 | AN9: =pvs_t(AM9) -> #NAME? | AO9: =AO$7-(AO$7-AO$17)*$J9/$F$17 -> #DIV/0! | AP9: =IF(AO9>AN9,(AO$7-AN9)/$J9,0) -> #DIV/0! | AQ9: =IF(AND(AP9>0,AP9=MAX(AP$7:AP$17)),3,0) -> #DIV/0! | AR9: =IF($F8=0,AR8,IF($J9<=AP$20,AR$7-(AR$7-AR$20)*$J9/AP$20,IF(AO9>AN9,AN9,AR8-(AR8-AR$17)*($J9-$J8)/($J$17-$J8)))) -> 1382.015 | AS9: =IF($F9=0,AS8,0.0000000002*(AR9-AR10)/($J10-$J9)) -> #DIV/0! | AT9: =AT8-(AT$6-AT$18)*$G8/$G$19 -> 21.1 | AU9: =pvs_t(AT9) -> #NAME? | AV9: =AV$7-(AV$7-AV$17)*$J9/$F$17 -> #DIV/0! | AW9: =IF(AV9>AU9,(AV$7-AU9)/$J9,0) -> #DIV/0! | AX9: =IF(AND(AW9>0,AW9=MAX(AW$7:AW$17)),3,0) -> #DIV/0! | AY9: =IF($F8=0,AY8,IF($J9<=AW$20,AY$7-(AY$7-AY$20)*$J9/AW$20,IF(AV9>AU9,AU9,AY8-(AY8-AY$17)*($J9-$J8)/($J$17-$J8)))) -> 1702 | AZ9: =IF($F9=0,AZ8,0.0000000002*(AY9-AY10)/($J10-$J9)) -> #DIV/0! | BA9: =BA8-(BA$6-BA$18)*$G8/$G$19 -> 23.3 | BB9: =pvs_t(BA9) -> #NAME? | BC9: =BC$7-(BC$7-BC$17)*$J9/$F$17 -> #DIV/0! | BD9: =IF(BC9>BB9,(BC$7-BB9)/$J9,0) -> #DIV/0! | BE9: =IF(AND(BD9>0,BD9=MAX(BD$7:BD$17)),3,0) -> #DIV/0! | BF9: =IF($F8=0,BF8,IF($J9<=BD$20,BF$7-(BF$7-BF$20)*$J9/BD$20,IF(BC9>BB9,BB9,BF8-(BF8-BF$17)*($J9-$J8)/($J$17-$J8)))) -> 1837 | BG9: =IF($F9=0,BG8,0.0000000002*(BF9-BF10)/($J10-$J9)) -> #DIV/0! | BH9: =BH8-(BH$6-BH$18)*$G8/$G$19 -> 22.6 | BI9: =pvs_t(BH9) -> #NAME? | BJ9: =BJ$7-(BJ$7-BJ$17)*$J9/$F$17 -> #DIV/0! | BK9: =IF(BJ9>BI9,(BJ$7-BI9)/$J9,0) -> #DIV/0! | BL9: =IF(AND(BK9>0,BK9=MAX(BK$7:BK$17)),3,0) -> #DIV/0! | BM9: =IF($F8=0,BM8,IF($J9<=BK$20,BM$7-(BM$7-BM$20)*$J9/BK$20,IF(BJ9>BI9,BI9,BM8-(BM8-BM$17)*($J9-$J8)/($J$17-$J8)))) -> 1953 | BN9: =IF($F9=0,BN8,0.0000000002*(BM9-BM10)/($J10-$J9)) -> #DIV/0! | BO9: =BO8-(BO$6-BO$18)*$G8/$G$19 -> 19.554144 | BP9: =pvs_t(BO9) -> #NAME? | BQ9: =BQ$7-(BQ$7-BQ$17)*$J9/$F$17 -> #DIV/0! | BR9: =IF(BQ9>BP9,(BQ$7-BP9)/$J9,0) -> #DIV/0! | BS9: =IF(AND(BR9>0,BR9=MAX(BR$7:BR$17)),3,0) -> #DIV/0! | BT9: =IF($F8=0,BT8,IF($J9<=BR$20,BT$7-(BT$7-BT$20)*$J9/BR$20,IF(BQ9>BP9,BP9,BT8-(BT8-BT$17)*($J9-$J8)/($J$17-$J8)))) -> 1557.46 | BU9: =IF($F9=0,BU8,0.0000000002*(BT9-BT10)/($J10-$J9)) -> #DIV/0! | BV9: =BV8-(BV$6-BV$18)*$G8/$G$19 -> 17.250552 | BW9: =pvs_t(BV9) -> #NAME? | BX9: =BX$7-(BX$7-BX$17)*$J9/$F$17 -> #DIV/0! | BY9: =IF(BX9>BW9,(BX$7-BW9)/$J9,0) -> #DIV/0! | BZ9: =IF(AND(BY9>0,BY9=MAX(BY$7:BY$17)),3,0) -> #DIV/0! | CA9: =IF($F8=0,CA8,IF($J9<=BY$20,CA$7-(CA$7-CA$20)*$J9/BY$20,IF(BX9>BW9,BW9,CA8-(CA8-CA$17)*($J9-$J8)/($J$17-$J8)))) -> 1509.67 | CB9: =IF($F9=0,CB8,0.0000000002*(CA9-CA10)/($J10-$J9)) -> #DIV/0! | CC9: =CC8-(CC$6-CC$18)*$G8/$G$19 -> 15.095579 | CD9: =pvs_t(CC9) -> #NAME? | CE9: =CE$7-(CE$7-CE$17)*$J9/$F$17 -> #DIV/0! | CF9: =IF(CE9>CD9,(CE$7-CD9)/$J9,0) -> #DIV/0! | CG9: =IF(AND(CF9>0,CF9=MAX(CF$7:CF$17)),3,0) -> #DIV/0! | CH9: =IF($F8=0,CH8,IF($J9<=CF$20,CH$7-(CH$7-CH$20)*$J9/CF$20,IF(CE9>CD9,CD9,CH8-(CH8-CH$17)*($J9-$J8)/($J$17-$J8)))) -> 1429.06 | CI9: =IF($F9=0,CI8,0.0000000002*(CH9-CH10)/($J10-$J9)) -> #DIV/0! | CJ9: =CJ8-(CJ$6-CJ$18)*$G8/$G$19 -> 13.312153 | CK9: =pvs_t(CJ9) -> #NAME? | CL9: =CL$7-(CL$7-CL$17)*$J9/$F$17 -> #DIV/0! | CM9: =IF(CL9>CK9,(CL$7-CK9)/$J9,0) -> #DIV/0! | CN9: =IF(AND(CM9>0,CM9=MAX(CM$7:CM$17)),3,0) -> #DIV/0! | CO9: =IF($F8=0,CO8,IF($J9<=CM$20,CO$7-(CO$7-CO$20)*$J9/CM$20,IF(CL9>CK9,CK9,CO8-(CO8-CO$17)*($J9-$J8)/($J$17-$J8)))) -> 1407.9 | CP9: =IF($F9=0,CP8,0.0000000002*(CO9-CO10)/($J10-$J9)) -> #DIV/0!
A10: =ROMAN(4) -> IV | B10: =IF('Caratteristiche componente'!C10<>"",'Caratteristiche componente'!C10,"") | C10: ='Calcoli componente'!C10 | D10: ='Calcoli componente'!E10 | E10: ='Calcoli componente'!G10 | F10: ='Calcoli componente'!J10 -> 0 | G10: ='Calcoli componente'!K10 -> 0 | I10: III - IV | J10: =J9+F9 -> 0 | K10: =K9-(K$6-K$18)*$G9/$G$19 -> 0.91913584 | L10: =pvs_t(K10) -> #NAME? | M10: =M$7-(M$7-M$17)*$J10/$F$17 -> #DIV/0! | N10: =IF(M10>L10,(M$7-L10)/$J10,0) -> #DIV/0! | O10: =IF(AND(N10>0,N10=MAX(N$7:N$17)),4,0) -> #DIV/0! | P10: =IF($F9=0,P9,IF($J10<=N$20,P$7-(P$7-P$20)*$J10/N$20,IF(M10>L10,L10,P9-(P9-P$17)*($J10-$J9)/($J$17-$J9)))) -> 1389.18 | Q10: =IF($F10=0,Q9,0.0000000002*(P10-P11)/($J11-$J10)) -> #DIV/0! | R10: =R9-(R$6-R$18)*$G9/$G$19 -> 3.6449736 | S10: =pvs_t(R10) -> #NAME? | T10: =T$7-(T$7-T$17)*$J10/$F$17 -> #DIV/0! | U10: =IF(T10>S10,(T$7-S10)/$J10,0) -> #DIV/0! | V10: =IF(AND(U10>0,U10=MAX(U$7:U$17)),4,0) -> #DIV/0! | W10: =IF($F9=0,W9,IF($J10<=U$20,W$7-(W$7-W$20)*$J10/U$20,IF(T10>S10,S10,W9-(W9-W$17)*($J10-$J9)/($J$17-$J9)))) -> 1354.44 | X10: =IF($F10=0,X9,0.0000000002*(W10-W11)/($J11-$J10)) -> #DIV/0! | Y10: =Y9-(Y$6-Y$18)*$G9/$G$19 -> 8.512541 | Z10: =pvs_t(Y10) -> #NAME? | AA10: =AA$7-(AA$7-AA$17)*$J10/$F$17 -> #DIV/0! | AB10: =IF(AA10>Z10,(AA$7-Z10)/$J10,0) -> #DIV/0! | AC10: =IF(AND(AB10>0,AB10=MAX(AB$7:AB$17)),4,0) -> #DIV/0! | AD10: =IF($F9=0,AD9,IF($J10<=AB$20,AD$7-(AD$7-AD$20)*$J10/AB$20,IF(AA10>Z10,Z10,AD9-(AD9-AD$17)*($J10-$J9)/($J$17-$J9)))) -> 1108.69 | AE10: =IF($F10=0,AE9,0.0000000002*(AD10-AD11)/($J11-$J10)) -> #DIV/0! | AF10: =AF9-(AF$6-AF$18)*$G9/$G$19 -> 12.893352 | AG10: =pvs_t(AF10) -> #NAME? | AH10: =AH$7-(AH$7-AH$17)*$J10/$F$17 -> #DIV/0! | AI10: =IF(AH10>AG10,(AH$7-AG10)/$J10,0) -> #DIV/0! | AJ10: =IF(AND(AI10>0,AI10=MAX(AI$7:AI$17)),4,0) -> #DIV/0! | AK10: =IF($F9=0,AK9,IF($J10<=AI$20,AK$7-(AK$7-AK$20)*$J10/AI$20,IF(AH10>AG10,AG10,AK9-(AK9-AK$17)*($J10-$J9)/($J$17-$J9)))) -> 1129.215 | AL10: =IF($F10=0,AL9,0.0000000002*(AK10-AK11)/($J11-$J10)) -> #DIV/0! | AM10: =AM9-(AM$6-AM$18)*$G9/$G$19 -> 16.787406 | AN10: =pvs_t(AM10) -> #NAME? | AO10: =AO$7-(AO$7-AO$17)*$J10/$F$17 -> #DIV/0! | AP10: =IF(AO10>AN10,(AO$7-AN10)/$J10,0) -> #DIV/0! | AQ10: =IF(AND(AP10>0,AP10=MAX(AP$7:AP$17)),4,0) -> #DIV/0! | AR10: =IF($F9=0,AR9,IF($J10<=AP$20,AR$7-(AR$7-AR$20)*$J10/AP$20,IF(AO10>AN10,AN10,AR9-(AR9-AR$17)*($J10-$J9)/($J$17-$J9)))) -> 1382.015 | AS10: =IF($F10=0,AS9,0.0000000002*(AR10-AR11)/($J11-$J10)) -> #DIV/0! | AT10: =AT9-(AT$6-AT$18)*$G9/$G$19 -> 21.1 | AU10: =pvs_t(AT10) -> #NAME? | AV10: =AV$7-(AV$7-AV$17)*$J10/$F$17 -> #DIV/0! | AW10: =IF(AV10>AU10,(AV$7-AU10)/$J10,0) -> #DIV/0! | AX10: =IF(AND(AW10>0,AW10=MAX(AW$7:AW$17)),4,0) -> #DIV/0! | AY10: =IF($F9=0,AY9,IF($J10<=AW$20,AY$7-(AY$7-AY$20)*$J10/AW$20,IF(AV10>AU10,AU10,AY9-(AY9-AY$17)*($J10-$J9)/($J$17-$J9)))) -> 1702 | AZ10: =IF($F10=0,AZ9,0.0000000002*(AY10-AY11)/($J11-$J10)) -> #DIV/0! | BA10: =BA9-(BA$6-BA$18)*$G9/$G$19 -> 23.3 | BB10: =pvs_t(BA10) -> #NAME? | BC10: =BC$7-(BC$7-BC$17)*$J10/$F$17 -> #DIV/0! | BD10: =IF(BC10>BB10,(BC$7-BB10)/$J10,0) -> #DIV/0! | BE10: =IF(AND(BD10>0,BD10=MAX(BD$7:BD$17)),4,0) -> #DIV/0! | BF10: =IF($F9=0,BF9,IF($J10<=BD$20,BF$7-(BF$7-BF$20)*$J10/BD$20,IF(BC10>BB10,BB10,BF9-(BF9-BF$17)*($J10-$J9)/($J$17-$J9)))) -> 1837 | BG10: =IF($F10=0,BG9,0.0000000002*(BF10-BF11)/($J11-$J10)) -> #DIV/0! | BH10: =BH9-(BH$6-BH$18)*$G9/$G$19 -> 22.6 | BI10: =pvs_t(BH10) -> #NAME? | BJ10: =BJ$7-(BJ$7-BJ$17)*$J10/$F$17 -> #DIV/0! | BK10: =IF(BJ10>BI10,(BJ$7-BI10)/$J10,0) -> #DIV/0! | BL10: =IF(AND(BK10>0,BK10=MAX(BK$7:BK$17)),4,0) -> #DIV/0! | BM10: =IF($F9=0,BM9,IF($J10<=BK$20,BM$7-(BM$7-BM$20)*$J10/BK$20,IF(BJ10>BI10,BI10,BM9-(BM9-BM$17)*($J10-$J9)/($J$17-$J9)))) -> 1953 | BN10: =IF($F10=0,BN9,0.0000000002*(BM10-BM11)/($J11-$J10)) -> #DIV/0! | BO10: =BO9-(BO$6-BO$18)*$G9/$G$19 -> 18.831784 | BP10: =pvs_t(BO10) -> #NAME? | BQ10: =BQ$7-(BQ$7-BQ$17)*$J10/$F$17 -> #DIV/0! | BR10: =IF(BQ10>BP10,(BQ$7-BP10)/$J10,0) -> #DIV/0! | BS10: =IF(AND(BR10>0,BR10=MAX(BR$7:BR$17)),4,0) -> #DIV/0! | BT10: =IF($F9=0,BT9,IF($J10<=BR$20,BT$7-(BT$7-BT$20)*$J10/BR$20,IF(BQ10>BP10,BP10,BT9-(BT9-BT$17)*($J10-$J9)/($J$17-$J9)))) -> 1557.46 | BU10: =IF($F10=0,BU9,0.0000000002*(BT10-BT11)/($J11-$J10)) -> #DIV/0! | BV10: =BV9-(BV$6-BV$18)*$G9/$G$19 -> 12.796 | BW10: =pvs_t(BV10) -> #NAME? | BX10: =BX$7-(BX$7-BX$17)*$J10/$F$17 -> #DIV/0! | BY10: =IF(BX10>BW10,(BX$7-BW10)/$J10,0) -> #DIV/0! | BZ10: =IF(AND(BY10>0,BY10=MAX(BY$7:BY$17)),4,0) -> #DIV/0! | CA10: =IF($F9=0,CA9,IF($J10<=BY$20,CA$7-(CA$7-CA$20)*$J10/BY$20,IF(BX10>BW10,BW10,CA9-(CA9-CA$17)*($J10-$J9)/($J$17-$J9)))) -> 1509.67 | CB10: =IF($F10=0,CB9,0.0000000002*(CA10-CA11)/($J11-$J10)) -> #DIV/0! | CC10: =CC9-(CC$6-CC$18)*$G9/$G$19 -> 7.1496221 | CD10: =pvs_t(CC10) -> #NAME? | CE10: =CE$7-(CE$7-CE$17)*$J10/$F$17 -> #DIV/0! | CF10: =IF(CE10>CD10,(CE$7-CD10)/$J10,0) -> #DIV/0! | CG10: =IF(AND(CF10>0,CF10=MAX(CF$7:CF$17)),4,0) -> #DIV/0! | CH10: =IF($F9=0,CH9,IF($J10<=CF$20,CH$7-(CH$7-CH$20)*$J10/CF$20,IF(CE10>CD10,CD10,CH9-(CH9-CH$17)*($J10-$J9)/($J$17-$J9)))) -> 1429.06 | CI10: =IF($F10=0,CI9,0.0000000002*(CH10-CH11)/($J11-$J10)) -> #DIV/0! | CJ10: =CJ9-(CJ$6-CJ$18)*$G9/$G$19 -> 2.4767574 | CK10: =pvs_t(CJ10) -> #NAME? | CL10: =CL$7-(CL$7-CL$17)*$J10/$F$17 -> #DIV/0! | CM10: =IF(CL10>CK10,(CL$7-CK10)/$J10,0) -> #DIV/0! | CN10: =IF(AND(CM10>0,CM10=MAX(CM$7:CM$17)),4,0) -> #DIV/0! | CO10: =IF($F9=0,CO9,IF($J10<=CM$20,CO$7-(CO$7-CO$20)*$J10/CM$20,IF(CL10>CK10,CK10,CO9-(CO9-CO$17)*($J10-$J9)/($J$17-$J9)))) -> 1407.9 | CP10: =IF($F10=0,CP9,0.0000000002*(CO10-CO11)/($J11-$J10)) -> #DIV/0!
A11: =ROMAN(5) -> V | B11: =IF('Caratteristiche componente'!C11<>"",'Caratteristiche componente'!C11,"") | C11: ='Calcoli componente'!C11 | D11: ='Calcoli componente'!E11 | E11: ='Calcoli componente'!G11 | F11: ='Calcoli componente'!J11 -> 0 | G11: ='Calcoli componente'!K11 -> 0 | I11: IV - V | J11: =J10+F10 -> 0 | K11: =K10-(K$6-K$18)*$G10/$G$19 -> 0.91913584 | L11: =pvs_t(K11) -> #NAME? | M11: =M$7-(M$7-M$17)*$J11/$F$17 -> #DIV/0! | N11: =IF(M11>L11,(M$7-L11)/$J11,0) -> #DIV/0! | O11: =IF(AND(N11>0,N11=MAX(N$7:N$17)),5,0) -> #DIV/0! | P11: =IF($F10=0,P10,IF($J11<=N$20,P$7-(P$7-P$20)*$J11/N$20,IF(M11>L11,L11,P10-(P10-P$17)*($J11-$J10)/($J$17-$J10)))) -> 1389.18 | Q11: =IF($F11=0,Q10,0.0000000002*(P11-P12)/($J12-$J11)) -> #DIV/0! | R11: =R10-(R$6-R$18)*$G10/$G$19 -> 3.6449736 | S11: =pvs_t(R11) -> #NAME? | T11: =T$7-(T$7-T$17)*$J11/$F$17 -> #DIV/0! | U11: =IF(T11>S11,(T$7-S11)/$J11,0) -> #DIV/0! | V11: =IF(AND(U11>0,U11=MAX(U$7:U$17)),5,0) -> #DIV/0! | W11: =IF($F10=0,W10,IF($J11<=U$20,W$7-(W$7-W$20)*$J11/U$20,IF(T11>S11,S11,W10-(W10-W$17)*($J11-$J10)/($J$17-$J10)))) -> 1354.44 | X11: =IF($F11=0,X10,0.0000000002*(W11-W12)/($J12-$J11)) -> #DIV/0! | Y11: =Y10-(Y$6-Y$18)*$G10/$G$19 -> 8.512541 | Z11: =pvs_t(Y11) -> #NAME? | AA11: =AA$7-(AA$7-AA$17)*$J11/$F$17 -> #DIV/0! | AB11: =IF(AA11>Z11,(AA$7-Z11)/$J11,0) -> #DIV/0! | AC11: =IF(AND(AB11>0,AB11=MAX(AB$7:AB$17)),5,0) -> #DIV/0! | AD11: =IF($F10=0,AD10,IF($J11<=AB$20,AD$7-(AD$7-AD$20)*$J11/AB$20,IF(AA11>Z11,Z11,AD10-(AD10-AD$17)*($J11-$J10)/($J$17-$J10)))) -> 1108.69 | AE11: =IF($F11=0,AE10,0.0000000002*(AD11-AD12)/($J12-$J11)) -> #DIV/0! | AF11: =AF10-(AF$6-AF$18)*$G10/$G$19 -> 12.893352 | AG11: =pvs_t(AF11) -> #NAME? | AH11: =AH$7-(AH$7-AH$17)*$J11/$F$17 -> #DIV/0! | AI11: =IF(AH11>AG11,(AH$7-AG11)/$J11,0) -> #DIV/0! | AJ11: =IF(AND(AI11>0,AI11=MAX(AI$7:AI$17)),5,0) -> #DIV/0! | AK11: =IF($F10=0,AK10,IF($J11<=AI$20,AK$7-(AK$7-AK$20)*$J11/AI$20,IF(AH11>AG11,AG11,AK10-(AK10-AK$17)*($J11-$J10)/($J$17-$J10)))) -> 1129.215 | AL11: =IF($F11=0,AL10,0.0000000002*(AK11-AK12)/($J12-$J11)) -> #DIV/0! | AM11: =AM10-(AM$6-AM$18)*$G10/$G$19 -> 16.787406 | AN11: =pvs_t(AM11) -> #NAME? | AO11: =AO$7-(AO$7-AO$17)*$J11/$F$17 -> #DIV/0! | AP11: =IF(AO11>AN11,(AO$7-AN11)/$J11,0) -> #DIV/0! | AQ11: =IF(AND(AP11>0,AP11=MAX(AP$7:AP$17)),5,0) -> #DIV/0! | AR11: =IF($F10=0,AR10,IF($J11<=AP$20,AR$7-(AR$7-AR$20)*$J11/AP$20,IF(AO11>AN11,AN11,AR10-(AR10-AR$17)*($J11-$J10)/($J$17-$J10)))) -> 1382.015 | AS11: =IF($F11=0,AS10,0.0000000002*(AR11-AR12)/($J12-$J11)) -> #DIV/0! | AT11: =AT10-(AT$6-AT$18)*$G10/$G$19 -> 21.1 | AU11: =pvs_t(AT11) -> #NAME? | AV11: =AV$7-(AV$7-AV$17)*$J11/$F$17 -> #DIV/0! | AW11: =IF(AV11>AU11,(AV$7-AU11)/$J11,0) -> #DIV/0! | AX11: =IF(AND(AW11>0,AW11=MAX(AW$7:AW$17)),5,0) -> #DIV/0! | AY11: =IF($F10=0,AY10,IF($J11<=AW$20,AY$7-(AY$7-AY$20)*$J11/AW$20,IF(AV11>AU11,AU11,AY10-(AY10-AY$17)*($J11-$J10)/($J$17-$J10)))) -> 1702 | AZ11: =IF($F11=0,AZ10,0.0000000002*(AY11-AY12)/($J12-$J11)) -> #DIV/0! | BA11: =BA10-(BA$6-BA$18)*$G10/$G$19 -> 23.3 | BB11: =pvs_t(BA11) -> #NAME? | BC11: =BC$7-(BC$7-BC$17)*$J11/$F$17 -> #DIV/0! | BD11: =IF(BC11>BB11,(BC$7-BB11)/$J11,0) -> #DIV/0! | BE11: =IF(AND(BD11>0,BD11=MAX(BD$7:BD$17)),5,0) -> #DIV/0! | BF11: =IF($F10=0,BF10,IF($J11<=BD$20,BF$7-(BF$7-BF$20)*$J11/BD$20,IF(BC11>BB11,BB11,BF10-(BF10-BF$17)*($J11-$J10)/($J$17-$J10)))) -> 1837 | BG11: =IF($F11=0,BG10,0.0000000002*(BF11-BF12)/($J12-$J11)) -> #DIV/0! | BH11: =BH10-(BH$6-BH$18)*$G10/$G$19 -> 22.6 | BI11: =pvs_t(BH11) -> #NAME? | BJ11: =BJ$7-(BJ$7-BJ$17)*$J11/$F$17 -> #DIV/0! | BK11: =IF(BJ11>BI11,(BJ$7-BI11)/$J11,0) -> #DIV/0! | BL11: =IF(AND(BK11>0,BK11=MAX(BK$7:BK$17)),5,0) -> #DIV/0! | BM11: =IF($F10=0,BM10,IF($J11<=BK$20,BM$7-(BM$7-BM$20)*$J11/BK$20,IF(BJ11>BI11,BI11,BM10-(BM10-BM$17)*($J11-$J10)/($J$17-$J10)))) -> 1953 | BN11: =IF($F11=0,BN10,0.0000000002*(BM11-BM12)/($J12-$J11)) -> #DIV/0! | BO11: =BO10-(BO$6-BO$18)*$G10/$G$19 -> 18.831784 | BP11: =pvs_t(BO11) -> #NAME? | BQ11: =BQ$7-(BQ$7-BQ$17)*$J11/$F$17 -> #DIV/0! | BR11: =IF(BQ11>BP11,(BQ$7-BP11)/$J11,0) -> #DIV/0! | BS11: =IF(AND(BR11>0,BR11=MAX(BR$7:BR$17)),5,0) -> #DIV/0! | BT11: =IF($F10=0,BT10,IF($J11<=BR$20,BT$7-(BT$7-BT$20)*$J11/BR$20,IF(BQ11>BP11,BP11,BT10-(BT10-BT$17)*($J11-$J10)/($J$17-$J10)))) -> 1557.46 | BU11: =IF($F11=0,BU10,0.0000000002*(BT11-BT12)/($J12-$J11)) -> #DIV/0! | BV11: =BV10-(BV$6-BV$18)*$G10/$G$19 -> 12.796 | BW11: =pvs_t(BV11) -> #NAME? | BX11: =BX$7-(BX$7-BX$17)*$J11/$F$17 -> #DIV/0! | BY11: =IF(BX11>BW11,(BX$7-BW11)/$J11,0) -> #DIV/0! | BZ11: =IF(AND(BY11>0,BY11=MAX(BY$7:BY$17)),5,0) -> #DIV/0! | CA11: =IF($F10=0,CA10,IF($J11<=BY$20,CA$7-(CA$7-CA$20)*$J11/BY$20,IF(BX11>BW11,BW11,CA10-(CA10-CA$17)*($J11-$J10)/($J$17-$J10)))) -> 1509.67 | CB11: =IF($F11=0,CB10,0.0000000002*(CA11-CA12)/($J12-$J11)) -> #DIV/0! | CC11: =CC10-(CC$6-CC$18)*$G10/$G$19 -> 7.1496221 | CD11: =pvs_t(CC11) -> #NAME? | CE11: =CE$7-(CE$7-CE$17)*$J11/$F$17 -> #DIV/0! | CF11: =IF(CE11>CD11,(CE$7-CD11)/$J11,0) -> #DIV/0! | CG11: =IF(AND(CF11>0,CF11=MAX(CF$7:CF$17)),5,0) -> #DIV/0! | CH11: =IF($F10=0,CH10,IF($J11<=CF$20,CH$7-(CH$7-CH$20)*$J11/CF$20,IF(CE11>CD11,CD11,CH10-(CH10-CH$17)*($J11-$J10)/($J$17-$J10)))) -> 1429.06 | CI11: =IF($F11=0,CI10,0.0000000002*(CH11-CH12)/($J12-$J11)) -> #DIV/0! | CJ11: =CJ10-(CJ$6-CJ$18)*$G10/$G$19 -> 2.4767574 | CK11: =pvs_t(CJ11) -> #NAME? | CL11: =CL$7-(CL$7-CL$17)*$J11/$F$17 -> #DIV/0! | CM11: =IF(CL11>CK11,(CL$7-CK11)/$J11,0) -> #DIV/0! | CN11: =IF(AND(CM11>0,CM11=MAX(CM$7:CM$17)),5,0) -> #DIV/0! | CO11: =IF($F10=0,CO10,IF($J11<=CM$20,CO$7-(CO$7-CO$20)*$J11/CM$20,IF(CL11>CK11,CK11,CO10-(CO10-CO$17)*($J11-$J10)/($J$17-$J10)))) -> 1407.9 | CP11: =IF($F11=0,CP10,0.0000000002*(CO11-CO12)/($J12-$J11)) -> #DIV/0!
A12: =ROMAN(6) -> VI | B12: =IF('Caratteristiche componente'!C12<>"",'Caratteristiche componente'!C12,"") | C12: ='Calcoli componente'!C12 | D12: ='Calcoli componente'!E12 | E12: ='Calcoli componente'!G12 | F12: ='Calcoli componente'!J12 -> 0 | G12: ='Calcoli componente'!K12 -> 0 | I12: V - VI | J12: =J11+F11 -> 0 | K12: =K11-(K$6-K$18)*$G11/$G$19 -> 0.91913584 | L12: =pvs_t(K12) -> #NAME? | M12: =M$7-(M$7-M$17)*$J12/$F$17 -> #DIV/0! | N12: =IF(M12>L12,(M$7-L12)/$J12,0) -> #DIV/0! | O12: =IF(AND(N12>0,N12=MAX(N$7:N$17)),6,0) -> #DIV/0! | P12: =IF($F11=0,P11,IF($J12<=N$20,P$7-(P$7-P$20)*$J12/N$20,IF(M12>L12,L12,P11-(P11-P$17)*($J12-$J11)/($J$17-$J11)))) -> 1389.18 | Q12: =IF($F12=0,Q11,0.0000000002*(P12-P13)/($J13-$J12)) -> #DIV/0! | R12: =R11-(R$6-R$18)*$G11/$G$19 -> 3.6449736 | S12: =pvs_t(R12) -> #NAME? | T12: =T$7-(T$7-T$17)*$J12/$F$17 -> #DIV/0! | U12: =IF(T12>S12,(T$7-S12)/$J12,0) -> #DIV/0! | V12: =IF(AND(U12>0,U12=MAX(U$7:U$17)),6,0) -> #DIV/0! | W12: =IF($F11=0,W11,IF($J12<=U$20,W$7-(W$7-W$20)*$J12/U$20,IF(T12>S12,S12,W11-(W11-W$17)*($J12-$J11)/($J$17-$J11)))) -> 1354.44 | X12: =IF($F12=0,X11,0.0000000002*(W12-W13)/($J13-$J12)) -> #DIV/0! | Y12: =Y11-(Y$6-Y$18)*$G11/$G$19 -> 8.512541 | Z12: =pvs_t(Y12) -> #NAME? | AA12: =AA$7-(AA$7-AA$17)*$J12/$F$17 -> #DIV/0! | AB12: =IF(AA12>Z12,(AA$7-Z12)/$J12,0) -> #DIV/0! | AC12: =IF(AND(AB12>0,AB12=MAX(AB$7:AB$17)),6,0) -> #DIV/0! | AD12: =IF($F11=0,AD11,IF($J12<=AB$20,AD$7-(AD$7-AD$20)*$J12/AB$20,IF(AA12>Z12,Z12,AD11-(AD11-AD$17)*($J12-$J11)/($J$17-$J11)))) -> 1108.69 | AE12: =IF($F12=0,AE11,0.0000000002*(AD12-AD13)/($J13-$J12)) -> #DIV/0! | AF12: =AF11-(AF$6-AF$18)*$G11/$G$19 -> 12.893352 | AG12: =pvs_t(AF12) -> #NAME? | AH12: =AH$7-(AH$7-AH$17)*$J12/$F$17 -> #DIV/0! | AI12: =IF(AH12>AG12,(AH$7-AG12)/$J12,0) -> #DIV/0! | AJ12: =IF(AND(AI12>0,AI12=MAX(AI$7:AI$17)),6,0) -> #DIV/0! | AK12: =IF($F11=0,AK11,IF($J12<=AI$20,AK$7-(AK$7-AK$20)*$J12/AI$20,IF(AH12>AG12,AG12,AK11-(AK11-AK$17)*($J12-$J11)/($J$17-$J11)))) -> 1129.215 | AL12: =IF($F12=0,AL11,0.0000000002*(AK12-AK13)/($J13-$J12)) -> #DIV/0! | AM12: =AM11-(AM$6-AM$18)*$G11/$G$19 -> 16.787406 | AN12: =pvs_t(AM12) -> #NAME? | AO12: =AO$7-(AO$7-AO$17)*$J12/$F$17 -> #DIV/0! | AP12: =IF(AO12>AN12,(AO$7-AN12)/$J12,0) -> #DIV/0! | AQ12: =IF(AND(AP12>0,AP12=MAX(AP$7:AP$17)),6,0) -> #DIV/0! | AR12: =IF($F11=0,AR11,IF($J12<=AP$20,AR$7-(AR$7-AR$20)*$J12/AP$20,IF(AO12>AN12,AN12,AR11-(AR11-AR$17)*($J12-$J11)/($J$17-$J11)))) -> 1382.015 | AS12: =IF($F12=0,AS11,0.0000000002*(AR12-AR13)/($J13-$J12)) -> #DIV/0! | AT12: =AT11-(AT$6-AT$18)*$G11/$G$19 -> 21.1 | AU12: =pvs_t(AT12) -> #NAME? | AV12: =AV$7-(AV$7-AV$17)*$J12/$F$17 -> #DIV/0! | AW12: =IF(AV12>AU12,(AV$7-AU12)/$J12,0) -> #DIV/0! | AX12: =IF(AND(AW12>0,AW12=MAX(AW$7:AW$17)),6,0) -> #DIV/0! | AY12: =IF($F11=0,AY11,IF($J12<=AW$20,AY$7-(AY$7-AY$20)*$J12/AW$20,IF(AV12>AU12,AU12,AY11-(AY11-AY$17)*($J12-$J11)/($J$17-$J11)))) -> 1702 | AZ12: =IF($F12=0,AZ11,0.0000000002*(AY12-AY13)/($J13-$J12)) -> #DIV/0! | BA12: =BA11-(BA$6-BA$18)*$G11/$G$19 -> 23.3 | BB12: =pvs_t(BA12) -> #NAME? | BC12: =BC$7-(BC$7-BC$17)*$J12/$F$17 -> #DIV/0! | BD12: =IF(BC12>BB12,(BC$7-BB12)/$J12,0) -> #DIV/0! | BE12: =IF(AND(BD12>0,BD12=MAX(BD$7:BD$17)),6,0) -> #DIV/0! | BF12: =IF($F11=0,BF11,IF($J12<=BD$20,BF$7-(BF$7-BF$20)*$J12/BD$20,IF(BC12>BB12,BB12,BF11-(BF11-BF$17)*($J12-$J11)/($J$17-$J11)))) -> 1837 | BG12: =IF($F12=0,BG11,0.0000000002*(BF12-BF13)/($J13-$J12)) -> #DIV/0! | BH12: =BH11-(BH$6-BH$18)*$G11/$G$19 -> 22.6 | BI12: =pvs_t(BH12) -> #NAME? | BJ12: =BJ$7-(BJ$7-BJ$17)*$J12/$F$17 -> #DIV/0! | BK12: =IF(BJ12>BI12,(BJ$7-BI12)/$J12,0) -> #DIV/0! | BL12: =IF(AND(BK12>0,BK12=MAX(BK$7:BK$17)),6,0) -> #DIV/0! | BM12: =IF($F11=0,BM11,IF($J12<=BK$20,BM$7-(BM$7-BM$20)*$J12/BK$20,IF(BJ12>BI12,BI12,BM11-(BM11-BM$17)*($J12-$J11)/($J$17-$J11)))) -> 1953 | BN12: =IF($F12=0,BN11,0.0000000002*(BM12-BM13)/($J13-$J12)) -> #DIV/0! | BO12: =BO11-(BO$6-BO$18)*$G11/$G$19 -> 18.831784 | BP12: =pvs_t(BO12) -> #NAME? | BQ12: =BQ$7-(BQ$7-BQ$17)*$J12/$F$17 -> #DIV/0! | BR12: =IF(BQ12>BP12,(BQ$7-BP12)/$J12,0) -> #DIV/0! | BS12: =IF(AND(BR12>0,BR12=MAX(BR$7:BR$17)),6,0) -> #DIV/0! | BT12: =IF($F11=0,BT11,IF($J12<=BR$20,BT$7-(BT$7-BT$20)*$J12/BR$20,IF(BQ12>BP12,BP12,BT11-(BT11-BT$17)*($J12-$J11)/($J$17-$J11)))) -> 1557.46 | BU12: =IF($F12=0,BU11,0.0000000002*(BT12-BT13)/($J13-$J12)) -> #DIV/0! | BV12: =BV11-(BV$6-BV$18)*$G11/$G$19 -> 12.796 | BW12: =pvs_t(BV12) -> #NAME? | BX12: =BX$7-(BX$7-BX$17)*$J12/$F$17 -> #DIV/0! | BY12: =IF(BX12>BW12,(BX$7-BW12)/$J12,0) -> #DIV/0! | BZ12: =IF(AND(BY12>0,BY12=MAX(BY$7:BY$17)),6,0) -> #DIV/0! | CA12: =IF($F11=0,CA11,IF($J12<=BY$20,CA$7-(CA$7-CA$20)*$J12/BY$20,IF(BX12>BW12,BW12,CA11-(CA11-CA$17)*($J12-$J11)/($J$17-$J11)))) -> 1509.67 | CB12: =IF($F12=0,CB11,0.0000000002*(CA12-CA13)/($J13-$J12)) -> #DIV/0! | CC12: =CC11-(CC$6-CC$18)*$G11/$G$19 -> 7.1496221 | CD12: =pvs_t(CC12) -> #NAME? | CE12: =CE$7-(CE$7-CE$17)*$J12/$F$17 -> #DIV/0! | CF12: =IF(CE12>CD12,(CE$7-CD12)/$J12,0) -> #DIV/0! | CG12: =IF(AND(CF12>0,CF12=MAX(CF$7:CF$17)),6,0) -> #DIV/0! | CH12: =IF($F11=0,CH11,IF($J12<=CF$20,CH$7-(CH$7-CH$20)*$J12/CF$20,IF(CE12>CD12,CD12,CH11-(CH11-CH$17)*($J12-$J11)/($J$17-$J11)))) -> 1429.06 | CI12: =IF($F12=0,CI11,0.0000000002*(CH12-CH13)/($J13-$J12)) -> #DIV/0! | CJ12: =CJ11-(CJ$6-CJ$18)*$G11/$G$19 -> 2.4767574 | CK12: =pvs_t(CJ12) -> #NAME? | CL12: =CL$7-(CL$7-CL$17)*$J12/$F$17 -> #DIV/0! | CM12: =IF(CL12>CK12,(CL$7-CK12)/$J12,0) -> #DIV/0! | CN12: =IF(AND(CM12>0,CM12=MAX(CM$7:CM$17)),6,0) -> #DIV/0! | CO12: =IF($F11=0,CO11,IF($J12<=CM$20,CO$7-(CO$7-CO$20)*$J12/CM$20,IF(CL12>CK12,CK12,CO11-(CO11-CO$17)*($J12-$J11)/($J$17-$J11)))) -> 1407.9 | CP12: =IF($F12=0,CP11,0.0000000002*(CO12-CO13)/($J13-$J12)) -> #DIV/0!
A13: =ROMAN(7) -> VII | B13: =IF('Caratteristiche componente'!C13<>"",'Caratteristiche componente'!C13,"") | C13: ='Calcoli componente'!C13 | D13: ='Calcoli componente'!E13 | E13: ='Calcoli componente'!G13 | F13: ='Calcoli componente'!J13 -> 0 | G13: ='Calcoli componente'!K13 -> 0 | I13: VI - VII | J13: =J12+F12 -> 0 | K13: =K12-(K$6-K$18)*$G12/$G$19 -> 0.91913584 | L13: =pvs_t(K13) -> #NAME? | M13: =M$7-(M$7-M$17)*$J13/$F$17 -> #DIV/0! | N13: =IF(M13>L13,(M$7-L13)/$J13,0) -> #DIV/0! | O13: =IF(AND(N13>0,N13=MAX(N$7:N$17)),7,0) -> #DIV/0! | P13: =IF($F12=0,P12,IF($J13<=N$20,P$7-(P$7-P$20)*$J13/N$20,IF(M13>L13,L13,P12-(P12-P$17)*($J13-$J12)/($J$17-$J12)))) -> 1389.18 | Q13: =IF($F13=0,Q12,0.0000000002*(P13-P14)/($J14-$J13)) -> #DIV/0! | R13: =R12-(R$6-R$18)*$G12/$G$19 -> 3.6449736 | S13: =pvs_t(R13) -> #NAME? | T13: =T$7-(T$7-T$17)*$J13/$F$17 -> #DIV/0! | U13: =IF(T13>S13,(T$7-S13)/$J13,0) -> #DIV/0! | V13: =IF(AND(U13>0,U13=MAX(U$7:U$17)),7,0) -> #DIV/0! | W13: =IF($F12=0,W12,IF($J13<=U$20,W$7-(W$7-W$20)*$J13/U$20,IF(T13>S13,S13,W12-(W12-W$17)*($J13-$J12)/($J$17-$J12)))) -> 1354.44 | X13: =IF($F13=0,X12,0.0000000002*(W13-W14)/($J14-$J13)) -> #DIV/0! | Y13: =Y12-(Y$6-Y$18)*$G12/$G$19 -> 8.512541 | Z13: =pvs_t(Y13) -> #NAME? | AA13: =AA$7-(AA$7-AA$17)*$J13/$F$17 -> #DIV/0! | AB13: =IF(AA13>Z13,(AA$7-Z13)/$J13,0) -> #DIV/0! | AC13: =IF(AND(AB13>0,AB13=MAX(AB$7:AB$17)),7,0) -> #DIV/0! | AD13: =IF($F12=0,AD12,IF($J13<=AB$20,AD$7-(AD$7-AD$20)*$J13/AB$20,IF(AA13>Z13,Z13,AD12-(AD12-AD$17)*($J13-$J12)/($J$17-$J12)))) -> 1108.69 | AE13: =IF($F13=0,AE12,0.0000000002*(AD13-AD14)/($J14-$J13)) -> #DIV/0! | AF13: =AF12-(AF$6-AF$18)*$G12/$G$19 -> 12.893352 | AG13: =pvs_t(AF13) -> #NAME? | AH13: =AH$7-(AH$7-AH$17)*$J13/$F$17 -> #DIV/0! | AI13: =IF(AH13>AG13,(AH$7-AG13)/$J13,0) -> #DIV/0! | AJ13: =IF(AND(AI13>0,AI13=MAX(AI$7:AI$17)),7,0) -> #DIV/0! | AK13: =IF($F12=0,AK12,IF($J13<=AI$20,AK$7-(AK$7-AK$20)*$J13/AI$20,IF(AH13>AG13,AG13,AK12-(AK12-AK$17)*($J13-$J12)/($J$17-$J12)))) -> 1129.215 | AL13: =IF($F13=0,AL12,0.0000000002*(AK13-AK14)/($J14-$J13)) -> #DIV/0! | AM13: =AM12-(AM$6-AM$18)*$G12/$G$19 -> 16.787406 | AN13: =pvs_t(AM13) -> #NAME? | AO13: =AO$7-(AO$7-AO$17)*$J13/$F$17 -> #DIV/0! | AP13: =IF(AO13>AN13,(AO$7-AN13)/$J13,0) -> #DIV/0! | AQ13: =IF(AND(AP13>0,AP13=MAX(AP$7:AP$17)),7,0) -> #DIV/0! | AR13: =IF($F12=0,AR12,IF($J13<=AP$20,AR$7-(AR$7-AR$20)*$J13/AP$20,IF(AO13>AN13,AN13,AR12-(AR12-AR$17)*($J13-$J12)/($J$17-$J12)))) -> 1382.015 | AS13: =IF($F13=0,AS12,0.0000000002*(AR13-AR14)/($J14-$J13)) -> #DIV/0! | AT13: =AT12-(AT$6-AT$18)*$G12/$G$19 -> 21.1 | AU13: =pvs_t(AT13) -> #NAME? | AV13: =AV$7-(AV$7-AV$17)*$J13/$F$17 -> #DIV/0! | AW13: =IF(AV13>AU13,(AV$7-AU13)/$J13,0) -> #DIV/0! | AX13: =IF(AND(AW13>0,AW13=MAX(AW$7:AW$17)),7,0) -> #DIV/0! | AY13: =IF($F12=0,AY12,IF($J13<=AW$20,AY$7-(AY$7-AY$20)*$J13/AW$20,IF(AV13>AU13,AU13,AY12-(AY12-AY$17)*($J13-$J12)/($J$17-$J12)))) -> 1702 | AZ13: =IF($F13=0,AZ12,0.0000000002*(AY13-AY14)/($J14-$J13)) -> #DIV/0! | BA13: =BA12-(BA$6-BA$18)*$G12/$G$19 -> 23.3 | BB13: =pvs_t(BA13) -> #NAME? | BC13: =BC$7-(BC$7-BC$17)*$J13/$F$17 -> #DIV/0! | BD13: =IF(BC13>BB13,(BC$7-BB13)/$J13,0) -> #DIV/0! | BE13: =IF(AND(BD13>0,BD13=MAX(BD$7:BD$17)),7,0) -> #DIV/0! | BF13: =IF($F12=0,BF12,IF($J13<=BD$20,BF$7-(BF$7-BF$20)*$J13/BD$20,IF(BC13>BB13,BB13,BF12-(BF12-BF$17)*($J13-$J12)/($J$17-$J12)))) -> 1837 | BG13: =IF($F13=0,BG12,0.0000000002*(BF13-BF14)/($J14-$J13)) -> #DIV/0! | BH13: =BH12-(BH$6-BH$18)*$G12/$G$19 -> 22.6 | BI13: =pvs_t(BH13) -> #NAME? | BJ13: =BJ$7-(BJ$7-BJ$17)*$J13/$F$17 -> #DIV/0! | BK13: =IF(BJ13>BI13,(BJ$7-BI13)/$J13,0) -> #DIV/0! | BL13: =IF(AND(BK13>0,BK13=MAX(BK$7:BK$17)),7,0) -> #DIV/0! | BM13: =IF($F12=0,BM12,IF($J13<=BK$20,BM$7-(BM$7-BM$20)*$J13/BK$20,IF(BJ13>BI13,BI13,BM12-(BM12-BM$17)*($J13-$J12)/($J$17-$J12)))) -> 1953 | BN13: =IF($F13=0,BN12,0.0000000002*(BM13-BM14)/($J14-$J13)) -> #DIV/0! | BO13: =BO12-(BO$6-BO$18)*$G12/$G$19 -> 18.831784 | BP13: =pvs_t(BO13) -> #NAME? | BQ13: =BQ$7-(BQ$7-BQ$17)*$J13/$F$17 -> #DIV/0! | BR13: =IF(BQ13>BP13,(BQ$7-BP13)/$J13,0) -> #DIV/0! | BS13: =IF(AND(BR13>0,BR13=MAX(BR$7:BR$17)),7,0) -> #DIV/0! | BT13: =IF($F12=0,BT12,IF($J13<=BR$20,BT$7-(BT$7-BT$20)*$J13/BR$20,IF(BQ13>BP13,BP13,BT12-(BT12-BT$17)*($J13-$J12)/($J$17-$J12)))) -> 1557.46 | BU13: =IF($F13=0,BU12,0.0000000002*(BT13-BT14)/($J14-$J13)) -> #DIV/0! | BV13: =BV12-(BV$6-BV$18)*$G12/$G$19 -> 12.796 | BW13: =pvs_t(BV13) -> #NAME? | BX13: =BX$7-(BX$7-BX$17)*$J13/$F$17 -> #DIV/0! | BY13: =IF(BX13>BW13,(BX$7-BW13)/$J13,0) -> #DIV/0! | BZ13: =IF(AND(BY13>0,BY13=MAX(BY$7:BY$17)),7,0) -> #DIV/0! | CA13: =IF($F12=0,CA12,IF($J13<=BY$20,CA$7-(CA$7-CA$20)*$J13/BY$20,IF(BX13>BW13,BW13,CA12-(CA12-CA$17)*($J13-$J12)/($J$17-$J12)))) -> 1509.67 | CB13: =IF($F13=0,CB12,0.0000000002*(CA13-CA14)/($J14-$J13)) -> #DIV/0! | CC13: =CC12-(CC$6-CC$18)*$G12/$G$19 -> 7.1496221 | CD13: =pvs_t(CC13) -> #NAME? | CE13: =CE$7-(CE$7-CE$17)*$J13/$F$17 -> #DIV/0! | CF13: =IF(CE13>CD13,(CE$7-CD13)/$J13,0) -> #DIV/0! | CG13: =IF(AND(CF13>0,CF13=MAX(CF$7:CF$17)),7,0) -> #DIV/0! | CH13: =IF($F12=0,CH12,IF($J13<=CF$20,CH$7-(CH$7-CH$20)*$J13/CF$20,IF(CE13>CD13,CD13,CH12-(CH12-CH$17)*($J13-$J12)/($J$17-$J12)))) -> 1429.06 | CI13: =IF($F13=0,CI12,0.0000000002*(CH13-CH14)/($J14-$J13)) -> #DIV/0! | CJ13: =CJ12-(CJ$6-CJ$18)*$G12/$G$19 -> 2.4767574 | CK13: =pvs_t(CJ13) -> #NAME? | CL13: =CL$7-(CL$7-CL$17)*$J13/$F$17 -> #DIV/0! | CM13: =IF(CL13>CK13,(CL$7-CK13)/$J13,0) -> #DIV/0! | CN13: =IF(AND(CM13>0,CM13=MAX(CM$7:CM$17)),7,0) -> #DIV/0! | CO13: =IF($F12=0,CO12,IF($J13<=CM$20,CO$7-(CO$7-CO$20)*$J13/CM$20,IF(CL13>CK13,CK13,CO12-(CO12-CO$17)*($J13-$J12)/($J$17-$J12)))) -> 1407.9 | CP13: =IF($F13=0,CP12,0.0000000002*(CO13-CO14)/($J14-$J13)) -> #DIV/0!
A14: =ROMAN(8) -> VIII | B14: =IF('Caratteristiche componente'!C14<>"",'Caratteristiche componente'!C14,"") | C14: ='Calcoli componente'!C14 | D14: ='Calcoli componente'!E14 | E14: ='Calcoli componente'!G14 | F14: ='Calcoli componente'!J14 -> 0 | G14: ='Calcoli componente'!K14 -> 0 | I14: VII - VIII | J14: =J13+F13 -> 0 | K14: =K13-(K$6-K$18)*$G13/$G$19 -> 0.91913584 | L14: =pvs_t(K14) -> #NAME? | M14: =M$7-(M$7-M$17)*$J14/$F$17 -> #DIV/0! | N14: =IF(M14>L14,(M$7-L14)/$J14,0) -> #DIV/0! | O14: =IF(AND(N14>0,N14=MAX(N$7:N$17)),8,0) -> #DIV/0! | P14: =IF($F13=0,P13,IF($J14<=N$20,P$7-(P$7-P$20)*$J14/N$20,IF(M14>L14,L14,P13-(P13-P$17)*($J14-$J13)/($J$17-$J13)))) -> 1389.18 | Q14: =IF($F14=0,Q13,0.0000000002*(P14-P15)/($J15-$J14)) -> #DIV/0! | R14: =R13-(R$6-R$18)*$G13/$G$19 -> 3.6449736 | S14: =pvs_t(R14) -> #NAME? | T14: =T$7-(T$7-T$17)*$J14/$F$17 -> #DIV/0! | U14: =IF(T14>S14,(T$7-S14)/$J14,0) -> #DIV/0! | V14: =IF(AND(U14>0,U14=MAX(U$7:U$17)),8,0) -> #DIV/0! | W14: =IF($F13=0,W13,IF($J14<=U$20,W$7-(W$7-W$20)*$J14/U$20,IF(T14>S14,S14,W13-(W13-W$17)*($J14-$J13)/($J$17-$J13)))) -> 1354.44 | X14: =IF($F14=0,X13,0.0000000002*(W14-W15)/($J15-$J14)) -> #DIV/0! | Y14: =Y13-(Y$6-Y$18)*$G13/$G$19 -> 8.512541 | Z14: =pvs_t(Y14) -> #NAME? | AA14: =AA$7-(AA$7-AA$17)*$J14/$F$17 -> #DIV/0! | AB14: =IF(AA14>Z14,(AA$7-Z14)/$J14,0) -> #DIV/0! | AC14: =IF(AND(AB14>0,AB14=MAX(AB$7:AB$17)),8,0) -> #DIV/0! | AD14: =IF($F13=0,AD13,IF($J14<=AB$20,AD$7-(AD$7-AD$20)*$J14/AB$20,IF(AA14>Z14,Z14,AD13-(AD13-AD$17)*($J14-$J13)/($J$17-$J13)))) -> 1108.69 | AE14: =IF($F14=0,AE13,0.0000000002*(AD14-AD15)/($J15-$J14)) -> #DIV/0! | AF14: =AF13-(AF$6-AF$18)*$G13/$G$19 -> 12.893352 | AG14: =pvs_t(AF14) -> #NAME? | AH14: =AH$7-(AH$7-AH$17)*$J14/$F$17 -> #DIV/0! | AI14: =IF(AH14>AG14,(AH$7-AG14)/$J14,0) -> #DIV/0! | AJ14: =IF(AND(AI14>0,AI14=MAX(AI$7:AI$17)),8,0) -> #DIV/0! | AK14: =IF($F13=0,AK13,IF($J14<=AI$20,AK$7-(AK$7-AK$20)*$J14/AI$20,IF(AH14>AG14,AG14,AK13-(AK13-AK$17)*($J14-$J13)/($J$17-$J13)))) -> 1129.215 | AL14: =IF($F14=0,AL13,0.0000000002*(AK14-AK15)/($J15-$J14)) -> #DIV/0! | AM14: =AM13-(AM$6-AM$18)*$G13/$G$19 -> 16.787406 | AN14: =pvs_t(AM14) -> #NAME? | AO14: =AO$7-(AO$7-AO$17)*$J14/$F$17 -> #DIV/0! | AP14: =IF(AO14>AN14,(AO$7-AN14)/$J14,0) -> #DIV/0! | AQ14: =IF(AND(AP14>0,AP14=MAX(AP$7:AP$17)),8,0) -> #DIV/0! | AR14: =IF($F13=0,AR13,IF($J14<=AP$20,AR$7-(AR$7-AR$20)*$J14/AP$20,IF(AO14>AN14,AN14,AR13-(AR13-AR$17)*($J14-$J13)/($J$17-$J13)))) -> 1382.015 | AS14: =IF($F14=0,AS13,0.0000000002*(AR14-AR15)/($J15-$J14)) -> #DIV/0! | AT14: =AT13-(AT$6-AT$18)*$G13/$G$19 -> 21.1 | AU14: =pvs_t(AT14) -> #NAME? | AV14: =AV$7-(AV$7-AV$17)*$J14/$F$17 -> #DIV/0! | AW14: =IF(AV14>AU14,(AV$7-AU14)/$J14,0) -> #DIV/0! | AX14: =IF(AND(AW14>0,AW14=MAX(AW$7:AW$17)),8,0) -> #DIV/0! | AY14: =IF($F13=0,AY13,IF($J14<=AW$20,AY$7-(AY$7-AY$20)*$J14/AW$20,IF(AV14>AU14,AU14,AY13-(AY13-AY$17)*($J14-$J13)/($J$17-$J13)))) -> 1702 | AZ14: =IF($F14=0,AZ13,0.0000000002*(AY14-AY15)/($J15-$J14)) -> #DIV/0! | BA14: =BA13-(BA$6-BA$18)*$G13/$G$19 -> 23.3 | BB14: =pvs_t(BA14) -> #NAME? | BC14: =BC$7-(BC$7-BC$17)*$J14/$F$17 -> #DIV/0! | BD14: =IF(BC14>BB14,(BC$7-BB14)/$J14,0) -> #DIV/0! | BE14: =IF(AND(BD14>0,BD14=MAX(BD$7:BD$17)),8,0) -> #DIV/0! | BF14: =IF($F13=0,BF13,IF($J14<=BD$20,BF$7-(BF$7-BF$20)*$J14/BD$20,IF(BC14>BB14,BB14,BF13-(BF13-BF$17)*($J14-$J13)/($J$17-$J13)))) -> 1837 | BG14: =IF($F14=0,BG13,0.0000000002*(BF14-BF15)/($J15-$J14)) -> #DIV/0! | BH14: =BH13-(BH$6-BH$18)*$G13/$G$19 -> 22.6 | BI14: =pvs_t(BH14) -> #NAME? | BJ14: =BJ$7-(BJ$7-BJ$17)*$J14/$F$17 -> #DIV/0! | BK14: =IF(BJ14>BI14,(BJ$7-BI14)/$J14,0) -> #DIV/0! | BL14: =IF(AND(BK14>0,BK14=MAX(BK$7:BK$17)),8,0) -> #DIV/0! | BM14: =IF($F13=0,BM13,IF($J14<=BK$20,BM$7-(BM$7-BM$20)*$J14/BK$20,IF(BJ14>BI14,BI14,BM13-(BM13-BM$17)*($J14-$J13)/($J$17-$J13)))) -> 1953 | BN14: =IF($F14=0,BN13,0.0000000002*(BM14-BM15)/($J15-$J14)) -> #DIV/0! | BO14: =BO13-(BO$6-BO$18)*$G13/$G$19 -> 18.831784 | BP14: =pvs_t(BO14) -> #NAME? | BQ14: =BQ$7-(BQ$7-BQ$17)*$J14/$F$17 -> #DIV/0! | BR14: =IF(BQ14>BP14,(BQ$7-BP14)/$J14,0) -> #DIV/0! | BS14: =IF(AND(BR14>0,BR14=MAX(BR$7:BR$17)),8,0) -> #DIV/0! | BT14: =IF($F13=0,BT13,IF($J14<=BR$20,BT$7-(BT$7-BT$20)*$J14/BR$20,IF(BQ14>BP14,BP14,BT13-(BT13-BT$17)*($J14-$J13)/($J$17-$J13)))) -> 1557.46 | BU14: =IF($F14=0,BU13,0.0000000002*(BT14-BT15)/($J15-$J14)) -> #DIV/0! | BV14: =BV13-(BV$6-BV$18)*$G13/$G$19 -> 12.796 | BW14: =pvs_t(BV14) -> #NAME? | BX14: =BX$7-(BX$7-BX$17)*$J14/$F$17 -> #DIV/0! | BY14: =IF(BX14>BW14,(BX$7-BW14)/$J14,0) -> #DIV/0! | BZ14: =IF(AND(BY14>0,BY14=MAX(BY$7:BY$17)),8,0) -> #DIV/0! | CA14: =IF($F13=0,CA13,IF($J14<=BY$20,CA$7-(CA$7-CA$20)*$J14/BY$20,IF(BX14>BW14,BW14,CA13-(CA13-CA$17)*($J14-$J13)/($J$17-$J13)))) -> 1509.67 | CB14: =IF($F14=0,CB13,0.0000000002*(CA14-CA15)/($J15-$J14)) -> #DIV/0! | CC14: =CC13-(CC$6-CC$18)*$G13/$G$19 -> 7.1496221 | CD14: =pvs_t(CC14) -> #NAME? | CE14: =CE$7-(CE$7-CE$17)*$J14/$F$17 -> #DIV/0! | CF14: =IF(CE14>CD14,(CE$7-CD14)/$J14,0) -> #DIV/0! | CG14: =IF(AND(CF14>0,CF14=MAX(CF$7:CF$17)),8,0) -> #DIV/0! | CH14: =IF($F13=0,CH13,IF($J14<=CF$20,CH$7-(CH$7-CH$20)*$J14/CF$20,IF(CE14>CD14,CD14,CH13-(CH13-CH$17)*($J14-$J13)/($J$17-$J13)))) -> 1429.06 | CI14: =IF($F14=0,CI13,0.0000000002*(CH14-CH15)/($J15-$J14)) -> #DIV/0! | CJ14: =CJ13-(CJ$6-CJ$18)*$G13/$G$19 -> 2.4767574 | CK14: =pvs_t(CJ14) -> #NAME? | CL14: =CL$7-(CL$7-CL$17)*$J14/$F$17 -> #DIV/0! | CM14: =IF(CL14>CK14,(CL$7-CK14)/$J14,0) -> #DIV/0! | CN14: =IF(AND(CM14>0,CM14=MAX(CM$7:CM$17)),8,0) -> #DIV/0! | CO14: =IF($F13=0,CO13,IF($J14<=CM$20,CO$7-(CO$7-CO$20)*$J14/CM$20,IF(CL14>CK14,CK14,CO13-(CO13-CO$17)*($J14-$J13)/($J$17-$J13)))) -> 1407.9 | CP14: =IF($F14=0,CP13,0.0000000002*(CO14-CO15)/($J15-$J14)) -> #DIV/0!
A15: =ROMAN(9) -> IX | B15: =IF('Caratteristiche componente'!C15<>"",'Caratteristiche componente'!C15,"") | C15: ='Calcoli componente'!C15 | D15: ='Calcoli componente'!E15 | E15: ='Calcoli componente'!G15 | F15: ='Calcoli componente'!J15 -> 0 | G15: ='Calcoli componente'!K15 -> 0 | I15: VIII - IX | J15: =J14+F14 -> 0 | K15: =K14-(K$6-K$18)*$G14/$G$19 -> 0.91913584 | L15: =pvs_t(K15) -> #NAME? | M15: =M$7-(M$7-M$17)*$J15/$F$17 -> #DIV/0! | N15: =IF(M15>L15,(M$7-L15)/$J15,0) -> #DIV/0! | O15: =IF(AND(N15>0,N15=MAX(N$7:N$17)),9,0) -> #DIV/0! | P15: =IF($F14=0,P14,IF($J15<=N$20,P$7-(P$7-P$20)*$J15/N$20,IF(M15>L15,L15,P14-(P14-P$17)*($J15-$J14)/($J$17-$J14)))) -> 1389.18 | Q15: =IF($F15=0,Q14,0.0000000002*(P15-P16)/($J16-$J15)) -> #DIV/0! | R15: =R14-(R$6-R$18)*$G14/$G$19 -> 3.6449736 | S15: =pvs_t(R15) -> #NAME? | T15: =T$7-(T$7-T$17)*$J15/$F$17 -> #DIV/0! | U15: =IF(T15>S15,(T$7-S15)/$J15,0) -> #DIV/0! | V15: =IF(AND(U15>0,U15=MAX(U$7:U$17)),9,0) -> #DIV/0! | W15: =IF($F14=0,W14,IF($J15<=U$20,W$7-(W$7-W$20)*$J15/U$20,IF(T15>S15,S15,W14-(W14-W$17)*($J15-$J14)/($J$17-$J14)))) -> 1354.44 | X15: =IF($F15=0,X14,0.0000000002*(W15-W16)/($J16-$J15)) -> #DIV/0! | Y15: =Y14-(Y$6-Y$18)*$G14/$G$19 -> 8.512541 | Z15: =pvs_t(Y15) -> #NAME? | AA15: =AA$7-(AA$7-AA$17)*$J15/$F$17 -> #DIV/0! | AB15: =IF(AA15>Z15,(AA$7-Z15)/$J15,0) -> #DIV/0! | AC15: =IF(AND(AB15>0,AB15=MAX(AB$7:AB$17)),9,0) -> #DIV/0! | AD15: =IF($F14=0,AD14,IF($J15<=AB$20,AD$7-(AD$7-AD$20)*$J15/AB$20,IF(AA15>Z15,Z15,AD14-(AD14-AD$17)*($J15-$J14)/($J$17-$J14)))) -> 1108.69 | AE15: =IF($F15=0,AE14,0.0000000002*(AD15-AD16)/($J16-$J15)) -> #DIV/0! | AF15: =AF14-(AF$6-AF$18)*$G14/$G$19 -> 12.893352 | AG15: =pvs_t(AF15) -> #NAME? | AH15: =AH$7-(AH$7-AH$17)*$J15/$F$17 -> #DIV/0! | AI15: =IF(AH15>AG15,(AH$7-AG15)/$J15,0) -> #DIV/0! | AJ15: =IF(AND(AI15>0,AI15=MAX(AI$7:AI$17)),9,0) -> #DIV/0! | AK15: =IF($F14=0,AK14,IF($J15<=AI$20,AK$7-(AK$7-AK$20)*$J15/AI$20,IF(AH15>AG15,AG15,AK14-(AK14-AK$17)*($J15-$J14)/($J$17-$J14)))) -> 1129.215 | AL15: =IF($F15=0,AL14,0.0000000002*(AK15-AK16)/($J16-$J15)) -> #DIV/0! | AM15: =AM14-(AM$6-AM$18)*$G14/$G$19 -> 16.787406 | AN15: =pvs_t(AM15) -> #NAME? | AO15: =AO$7-(AO$7-AO$17)*$J15/$F$17 -> #DIV/0! | AP15: =IF(AO15>AN15,(AO$7-AN15)/$J15,0) -> #DIV/0! | AQ15: =IF(AND(AP15>0,AP15=MAX(AP$7:AP$17)),9,0) -> #DIV/0! | AR15: =IF($F14=0,AR14,IF($J15<=AP$20,AR$7-(AR$7-AR$20)*$J15/AP$20,IF(AO15>AN15,AN15,AR14-(AR14-AR$17)*($J15-$J14)/($J$17-$J14)))) -> 1382.015 | AS15: =IF($F15=0,AS14,0.0000000002*(AR15-AR16)/($J16-$J15)) -> #DIV/0! | AT15: =AT14-(AT$6-AT$18)*$G14/$G$19 -> 21.1 | AU15: =pvs_t(AT15) -> #NAME? | AV15: =AV$7-(AV$7-AV$17)*$J15/$F$17 -> #DIV/0! | AW15: =IF(AV15>AU15,(AV$7-AU15)/$J15,0) -> #DIV/0! | AX15: =IF(AND(AW15>0,AW15=MAX(AW$7:AW$17)),9,0) -> #DIV/0! | AY15: =IF($F14=0,AY14,IF($J15<=AW$20,AY$7-(AY$7-AY$20)*$J15/AW$20,IF(AV15>AU15,AU15,AY14-(AY14-AY$17)*($J15-$J14)/($J$17-$J14)))) -> 1702 | AZ15: =IF($F15=0,AZ14,0.0000000002*(AY15-AY16)/($J16-$J15)) -> #DIV/0! | BA15: =BA14-(BA$6-BA$18)*$G14/$G$19 -> 23.3 | BB15: =pvs_t(BA15) -> #NAME? | BC15: =BC$7-(BC$7-BC$17)*$J15/$F$17 -> #DIV/0! | BD15: =IF(BC15>BB15,(BC$7-BB15)/$J15,0) -> #DIV/0! | BE15: =IF(AND(BD15>0,BD15=MAX(BD$7:BD$17)),9,0) -> #DIV/0! | BF15: =IF($F14=0,BF14,IF($J15<=BD$20,BF$7-(BF$7-BF$20)*$J15/BD$20,IF(BC15>BB15,BB15,BF14-(BF14-BF$17)*($J15-$J14)/($J$17-$J14)))) -> 1837 | BG15: =IF($F15=0,BG14,0.0000000002*(BF15-BF16)/($J16-$J15)) -> #DIV/0! | BH15: =BH14-(BH$6-BH$18)*$G14/$G$19 -> 22.6 | BI15: =pvs_t(BH15) -> #NAME? | BJ15: =BJ$7-(BJ$7-BJ$17)*$J15/$F$17 -> #DIV/0! | BK15: =IF(BJ15>BI15,(BJ$7-BI15)/$J15,0) -> #DIV/0! | BL15: =IF(AND(BK15>0,BK15=MAX(BK$7:BK$17)),9,0) -> #DIV/0! | BM15: =IF($F14=0,BM14,IF($J15<=BK$20,BM$7-(BM$7-BM$20)*$J15/BK$20,IF(BJ15>BI15,BI15,BM14-(BM14-BM$17)*($J15-$J14)/($J$17-$J14)))) -> 1953 | BN15: =IF($F15=0,BN14,0.0000000002*(BM15-BM16)/($J16-$J15)) -> #DIV/0! | BO15: =BO14-(BO$6-BO$18)*$G14/$G$19 -> 18.831784 | BP15: =pvs_t(BO15) -> #NAME? | BQ15: =BQ$7-(BQ$7-BQ$17)*$J15/$F$17 -> #DIV/0! | BR15: =IF(BQ15>BP15,(BQ$7-BP15)/$J15,0) -> #DIV/0! | BS15: =IF(AND(BR15>0,BR15=MAX(BR$7:BR$17)),9,0) -> #DIV/0! | BT15: =IF($F14=0,BT14,IF($J15<=BR$20,BT$7-(BT$7-BT$20)*$J15/BR$20,IF(BQ15>BP15,BP15,BT14-(BT14-BT$17)*($J15-$J14)/($J$17-$J14)))) -> 1557.46 | BU15: =IF($F15=0,BU14,0.0000000002*(BT15-BT16)/($J16-$J15)) -> #DIV/0! | BV15: =BV14-(BV$6-BV$18)*$G14/$G$19 -> 12.796 | BW15: =pvs_t(BV15) -> #NAME? | BX15: =BX$7-(BX$7-BX$17)*$J15/$F$17 -> #DIV/0! | BY15: =IF(BX15>BW15,(BX$7-BW15)/$J15,0) -> #DIV/0! | BZ15: =IF(AND(BY15>0,BY15=MAX(BY$7:BY$17)),9,0) -> #DIV/0! | CA15: =IF($F14=0,CA14,IF($J15<=BY$20,CA$7-(CA$7-CA$20)*$J15/BY$20,IF(BX15>BW15,BW15,CA14-(CA14-CA$17)*($J15-$J14)/($J$17-$J14)))) -> 1509.67 | CB15: =IF($F15=0,CB14,0.0000000002*(CA15-CA16)/($J16-$J15)) -> #DIV/0! | CC15: =CC14-(CC$6-CC$18)*$G14/$G$19 -> 7.1496221 | CD15: =pvs_t(CC15) -> #NAME? | CE15: =CE$7-(CE$7-CE$17)*$J15/$F$17 -> #DIV/0! | CF15: =IF(CE15>CD15,(CE$7-CD15)/$J15,0) -> #DIV/0! | CG15: =IF(AND(CF15>0,CF15=MAX(CF$7:CF$17)),9,0) -> #DIV/0! | CH15: =IF($F14=0,CH14,IF($J15<=CF$20,CH$7-(CH$7-CH$20)*$J15/CF$20,IF(CE15>CD15,CD15,CH14-(CH14-CH$17)*($J15-$J14)/($J$17-$J14)))) -> 1429.06 | CI15: =IF($F15=0,CI14,0.0000000002*(CH15-CH16)/($J16-$J15)) -> #DIV/0! | CJ15: =CJ14-(CJ$6-CJ$18)*$G14/$G$19 -> 2.4767574 | CK15: =pvs_t(CJ15) -> #NAME? | CL15: =CL$7-(CL$7-CL$17)*$J15/$F$17 -> #DIV/0! | CM15: =IF(CL15>CK15,(CL$7-CK15)/$J15,0) -> #DIV/0! | CN15: =IF(AND(CM15>0,CM15=MAX(CM$7:CM$17)),9,0) -> #DIV/0! | CO15: =IF($F14=0,CO14,IF($J15<=CM$20,CO$7-(CO$7-CO$20)*$J15/CM$20,IF(CL15>CK15,CK15,CO14-(CO14-CO$17)*($J15-$J14)/($J$17-$J14)))) -> 1407.9 | CP15: =IF($F15=0,CP14,0.0000000002*(CO15-CO16)/($J16-$J15)) -> #DIV/0!
A16: =ROMAN(10) -> X | B16: =IF('Caratteristiche componente'!C16<>"",'Caratteristiche componente'!C16,"") | C16: ='Calcoli componente'!C16 | D16: ='Calcoli componente'!E16 | E16: ='Calcoli componente'!G16 | F16: ='Calcoli componente'!J16 -> 0 | G16: ='Calcoli componente'!K16 -> 0 | I16: IX - X | J16: =J15+F15 -> 0 | K16: =K15-(K$6-K$18)*$G15/$G$19 -> 0.91913584 | L16: =pvs_t(K16) -> #NAME? | M16: =M$7-(M$7-M$17)*$J16/$F$17 -> #DIV/0! | N16: =IF(M16>L16,(M$7-L16)/$J16,0) -> #DIV/0! | O16: =IF(AND(N16>0,N16=MAX(N$7:N$17)),10,0) -> #DIV/0! | P16: =IF($F15=0,P15,IF($J16<=N$20,P$7-(P$7-P$20)*$J16/N$20,IF(M16>L16,L16,P15-(P15-P$17)*($J16-$J15)/($J$17-$J15)))) -> 1389.18 | Q16: =IF($F16=0,Q15,0.0000000002*(P16-P17)/($J17-$J16)) -> #DIV/0! | R16: =R15-(R$6-R$18)*$G15/$G$19 -> 3.6449736 | S16: =pvs_t(R16) -> #NAME? | T16: =T$7-(T$7-T$17)*$J16/$F$17 -> #DIV/0! | U16: =IF(T16>S16,(T$7-S16)/$J16,0) -> #DIV/0! | V16: =IF(AND(U16>0,U16=MAX(U$7:U$17)),10,0) -> #DIV/0! | W16: =IF($F15=0,W15,IF($J16<=U$20,W$7-(W$7-W$20)*$J16/U$20,IF(T16>S16,S16,W15-(W15-W$17)*($J16-$J15)/($J$17-$J15)))) -> 1354.44 | X16: =IF($F16=0,X15,0.0000000002*(W16-W17)/($J17-$J16)) -> #DIV/0! | Y16: =Y15-(Y$6-Y$18)*$G15/$G$19 -> 8.512541 | Z16: =pvs_t(Y16) -> #NAME? | AA16: =AA$7-(AA$7-AA$17)*$J16/$F$17 -> #DIV/0! | AB16: =IF(AA16>Z16,(AA$7-Z16)/$J16,0) -> #DIV/0! | AC16: =IF(AND(AB16>0,AB16=MAX(AB$7:AB$17)),10,0) -> #DIV/0! | AD16: =IF($F15=0,AD15,IF($J16<=AB$20,AD$7-(AD$7-AD$20)*$J16/AB$20,IF(AA16>Z16,Z16,AD15-(AD15-AD$17)*($J16-$J15)/($J$17-$J15)))) -> 1108.69 | AE16: =IF($F16=0,AE15,0.0000000002*(AD16-AD17)/($J17-$J16)) -> #DIV/0! | AF16: =AF15-(AF$6-AF$18)*$G15/$G$19 -> 12.893352 | AG16: =pvs_t(AF16) -> #NAME? | AH16: =AH$7-(AH$7-AH$17)*$J16/$F$17 -> #DIV/0! | AI16: =IF(AH16>AG16,(AH$7-AG16)/$J16,0) -> #DIV/0! | AJ16: =IF(AND(AI16>0,AI16=MAX(AI$7:AI$17)),10,0) -> #DIV/0! | AK16: =IF($F15=0,AK15,IF($J16<=AI$20,AK$7-(AK$7-AK$20)*$J16/AI$20,IF(AH16>AG16,AG16,AK15-(AK15-AK$17)*($J16-$J15)/($J$17-$J15)))) -> 1129.215 | AL16: =IF($F16=0,AL15,0.0000000002*(AK16-AK17)/($J17-$J16)) -> #DIV/0! | AM16: =AM15-(AM$6-AM$18)*$G15/$G$19 -> 16.787406 | AN16: =pvs_t(AM16) -> #NAME? | AO16: =AO$7-(AO$7-AO$17)*$J16/$F$17 -> #DIV/0! | AP16: =IF(AO16>AN16,(AO$7-AN16)/$J16,0) -> #DIV/0! | AQ16: =IF(AND(AP16>0,AP16=MAX(AP$7:AP$17)),10,0) -> #DIV/0! | AR16: =IF($F15=0,AR15,IF($J16<=AP$20,AR$7-(AR$7-AR$20)*$J16/AP$20,IF(AO16>AN16,AN16,AR15-(AR15-AR$17)*($J16-$J15)/($J$17-$J15)))) -> 1382.015 | AS16: =IF($F16=0,AS15,0.0000000002*(AR16-AR17)/($J17-$J16)) -> #DIV/0! | AT16: =AT15-(AT$6-AT$18)*$G15/$G$19 -> 21.1 | AU16: =pvs_t(AT16) -> #NAME? | AV16: =AV$7-(AV$7-AV$17)*$J16/$F$17 -> #DIV/0! | AW16: =IF(AV16>AU16,(AV$7-AU16)/$J16,0) -> #DIV/0! | AX16: =IF(AND(AW16>0,AW16=MAX(AW$7:AW$17)),10,0) -> #DIV/0! | AY16: =IF($F15=0,AY15,IF($J16<=AW$20,AY$7-(AY$7-AY$20)*$J16/AW$20,IF(AV16>AU16,AU16,AY15-(AY15-AY$17)*($J16-$J15)/($J$17-$J15)))) -> 1702 | AZ16: =IF($F16=0,AZ15,0.0000000002*(AY16-AY17)/($J17-$J16)) -> #DIV/0! | BA16: =BA15-(BA$6-BA$18)*$G15/$G$19 -> 23.3 | BB16: =pvs_t(BA16) -> #NAME? | BC16: =BC$7-(BC$7-BC$17)*$J16/$F$17 -> #DIV/0! | BD16: =IF(BC16>BB16,(BC$7-BB16)/$J16,0) -> #DIV/0! | BE16: =IF(AND(BD16>0,BD16=MAX(BD$7:BD$17)),10,0) -> #DIV/0! | BF16: =IF($F15=0,BF15,IF($J16<=BD$20,BF$7-(BF$7-BF$20)*$J16/BD$20,IF(BC16>BB16,BB16,BF15-(BF15-BF$17)*($J16-$J15)/($J$17-$J15)))) -> 1837 | BG16: =IF($F16=0,BG15,0.0000000002*(BF16-BF17)/($J17-$J16)) -> #DIV/0! | BH16: =BH15-(BH$6-BH$18)*$G15/$G$19 -> 22.6 | BI16: =pvs_t(BH16) -> #NAME? | BJ16: =BJ$7-(BJ$7-BJ$17)*$J16/$F$17 -> #DIV/0! | BK16: =IF(BJ16>BI16,(BJ$7-BI16)/$J16,0) -> #DIV/0! | BL16: =IF(AND(BK16>0,BK16=MAX(BK$7:BK$17)),10,0) -> #DIV/0! | BM16: =IF($F15=0,BM15,IF($J16<=BK$20,BM$7-(BM$7-BM$20)*$J16/BK$20,IF(BJ16>BI16,BI16,BM15-(BM15-BM$17)*($J16-$J15)/($J$17-$J15)))) -> 1953 | BN16: =IF($F16=0,BN15,0.0000000002*(BM16-BM17)/($J17-$J16)) -> #DIV/0! | BO16: =BO15-(BO$6-BO$18)*$G15/$G$19 -> 18.831784 | BP16: =pvs_t(BO16) -> #NAME? | BQ16: =BQ$7-(BQ$7-BQ$17)*$J16/$F$17 -> #DIV/0! | BR16: =IF(BQ16>BP16,(BQ$7-BP16)/$J16,0) -> #DIV/0! | BS16: =IF(AND(BR16>0,BR16=MAX(BR$7:BR$17)),10,0) -> #DIV/0! | BT16: =IF($F15=0,BT15,IF($J16<=BR$20,BT$7-(BT$7-BT$20)*$J16/BR$20,IF(BQ16>BP16,BP16,BT15-(BT15-BT$17)*($J16-$J15)/($J$17-$J15)))) -> 1557.46 | BU16: =IF($F16=0,BU15,0.0000000002*(BT16-BT17)/($J17-$J16)) -> #DIV/0! | BV16: =BV15-(BV$6-BV$18)*$G15/$G$19 -> 12.796 | BW16: =pvs_t(BV16) -> #NAME? | BX16: =BX$7-(BX$7-BX$17)*$J16/$F$17 -> #DIV/0! | BY16: =IF(BX16>BW16,(BX$7-BW16)/$J16,0) -> #DIV/0! | BZ16: =IF(AND(BY16>0,BY16=MAX(BY$7:BY$17)),10,0) -> #DIV/0! | CA16: =IF($F15=0,CA15,IF($J16<=BY$20,CA$7-(CA$7-CA$20)*$J16/BY$20,IF(BX16>BW16,BW16,CA15-(CA15-CA$17)*($J16-$J15)/($J$17-$J15)))) -> 1509.67 | CB16: =IF($F16=0,CB15,0.0000000002*(CA16-CA17)/($J17-$J16)) -> #DIV/0! | CC16: =CC15-(CC$6-CC$18)*$G15/$G$19 -> 7.1496221 | CD16: =pvs_t(CC16) -> #NAME? | CE16: =CE$7-(CE$7-CE$17)*$J16/$F$17 -> #DIV/0! | CF16: =IF(CE16>CD16,(CE$7-CD16)/$J16,0) -> #DIV/0! | CG16: =IF(AND(CF16>0,CF16=MAX(CF$7:CF$17)),10,0) -> #DIV/0! | CH16: =IF($F15=0,CH15,IF($J16<=CF$20,CH$7-(CH$7-CH$20)*$J16/CF$20,IF(CE16>CD16,CD16,CH15-(CH15-CH$17)*($J16-$J15)/($J$17-$J15)))) -> 1429.06 | CI16: =IF($F16=0,CI15,0.0000000002*(CH16-CH17)/($J17-$J16)) -> #DIV/0! | CJ16: =CJ15-(CJ$6-CJ$18)*$G15/$G$19 -> 2.4767574 | CK16: =pvs_t(CJ16) -> #NAME? | CL16: =CL$7-(CL$7-CL$17)*$J16/$F$17 -> #DIV/0! | CM16: =IF(CL16>CK16,(CL$7-CK16)/$J16,0) -> #DIV/0! | CN16: =IF(AND(CM16>0,CM16=MAX(CM$7:CM$17)),10,0) -> #DIV/0! | CO16: =IF($F15=0,CO15,IF($J16<=CM$20,CO$7-(CO$7-CO$20)*$J16/CM$20,IF(CL16>CK16,CK16,CO15-(CO15-CO$17)*($J16-$J15)/($J$17-$J15)))) -> 1407.9 | CP16: =IF($F16=0,CP15,0.0000000002*(CO16-CO17)/($J17-$J16)) -> #DIV/0!
A17: Totale | C17: =SUM(C$7:C$16) -> 23 | F17: =SUM(F$7:F$16) -> 0 | G17: =SUM(G$7:G$16) -> 1.220202 | I17: X - e | J17: =J16+F16 -> 0 | K17: =K16-(K$6-K$18)*$G16/$G$19 -> 0.91913584 | L17: =pvs_t(K17) -> #NAME? | M17: =M18 -> 516 | N17: =IF(M17>L17,(M$7-L17)/$J17,0) -> #NAME? | O17: =IF(AND(N17>0,N17=MAX(N$7:N$17)),11,0) -> #NAME? | P17: =M17 -> 516 | R17: =R16-(R$6-R$18)*$G16/$G$19 -> 3.6449736 | S17: =pvs_t(R17) -> #NAME? | T17: =T18 -> 606 | U17: =IF(T17>S17,(T$7-S17)/$J17,0) -> #NAME? | V17: =IF(AND(U17>0,U17=MAX(U$7:U$17)),11,0) -> #NAME? | W17: =T17 -> 606 | Y17: =Y16-(Y$6-Y$18)*$G16/$G$19 -> 8.512541 | Z17: =pvs_t(Y17) -> #NAME? | AA17: =AA18 -> 583 | AB17: =IF(AA17>Z17,(AA$7-Z17)/$J17,0) -> #NAME? | AC17: =IF(AND(AB17>0,AB17=MAX(AB$7:AB$17)),11,0) -> #NAME? | AD17: =AA17 -> 583 | AF17: =AF16-(AF$6-AF$18)*$G16/$G$19 -> 12.893352 | AG17: =pvs_t(AF17) -> #NAME? | AH17: =AH18 -> 804 | AI17: =IF(AH17>AG17,(AH$7-AG17)/$J17,0) -> #NAME? | AJ17: =IF(AND(AI17>0,AI17=MAX(AI$7:AI$17)),11,0) -> #NAME? | AK17: =AH17 -> 804 | AM17: =AM16-(AM$6-AM$18)*$G16/$G$19 -> 16.787406 | AN17: =pvs_t(AM17) -> #NAME? | AO17: =AO18 -> 1235 | AP17: =IF(AO17>AN17,(AO$7-AN17)/$J17,0) -> #NAME? | AQ17: =IF(AND(AP17>0,AP17=MAX(AP$7:AP$17)),11,0) -> #NAME? | AR17: =AO17 -> 1235 | AT17: =AT16-(AT$6-AT$18)*$G16/$G$19 -> 21.1 | AU17: =pvs_t(AT17) -> #NAME? | AV17: =AV18 -> 1702 | AW17: =IF(AV17>AU17,(AV$7-AU17)/$J17,0) -> #NAME? | AX17: =IF(AND(AW17>0,AW17=MAX(AW$7:AW$17)),11,0) -> #NAME? | AY17: =AV17 -> 1702 | BA17: =BA16-(BA$6-BA$18)*$G16/$G$19 -> 23.3 | BB17: =pvs_t(BA17) -> #NAME? | BC17: =BC18 -> 1837 | BD17: =IF(BC17>BB17,(BC$7-BB17)/$J17,0) -> #NAME? | BE17: =IF(AND(BD17>0,BD17=MAX(BD$7:BD$17)),11,0) -> #NAME? | BF17: =BC17 -> 1837 | BH17: =BH16-(BH$6-BH$18)*$G16/$G$19 -> 22.6 | BI17: =pvs_t(BH17) -> #NAME? | BJ17: =BJ18 -> 1953 | BK17: =IF(BJ17>BI17,(BJ$7-BI17)/$J17,0) -> #NAME? | BL17: =IF(AND(BK17>0,BK17=MAX(BK$7:BK$17)),11,0) -> #NAME? | BM17: =BJ17 -> 1953 | BO17: =BO16-(BO$6-BO$18)*$G16/$G$19 -> 18.831784 | BP17: =pvs_t(BO17) -> #NAME? | BQ17: =BQ18 -> 1504 | BR17: =IF(BQ17>BP17,(BQ$7-BP17)/$J17,0) -> #NAME? | BS17: =IF(AND(BR17>0,BR17=MAX(BR$7:BR$17)),11,0) -> #NAME? | BT17: =BQ17 -> 1504 | BV17: =BV16-(BV$6-BV$18)*$G16/$G$19 -> 12.796 | BW17: =pvs_t(BV17) -> #NAME? | BX17: =BX18 -> 1180 | BY17: =IF(BX17>BW17,(BX$7-BW17)/$J17,0) -> #NAME? | BZ17: =IF(AND(BY17>0,BY17=MAX(BY$7:BY$17)),11,0) -> #NAME? | CA17: =BX17 -> 1180 | CC17: =CC16-(CC$6-CC$18)*$G16/$G$19 -> 7.1496221 | CD17: =pvs_t(CC17) -> #NAME? | CE17: =CE18 -> 841 | CF17: =IF(CE17>CD17,(CE$7-CD17)/$J17,0) -> #NAME? | CG17: =IF(AND(CF17>0,CF17=MAX(CF$7:CF$17)),11,0) -> #NAME? | CH17: =CE17 -> 841 | CJ17: =CJ16-(CJ$6-CJ$18)*$G16/$G$19 -> 2.4767574 | CK17: =pvs_t(CJ17) -> #NAME? | CL17: =CL18 -> 606 | CM17: =IF(CL17>CK17,(CL$7-CK17)/$J17,0) -> #NAME? | CN17: =IF(AND(CM17>0,CM17=MAX(CM$7:CM$17)),11,0) -> #NAME? | CO17: =CL17 -> 606
I18: e | K18: =Condensa!$E$6 -> 0.4 | L18: =pvs_t(K18) -> #NAME? | M18: =Condensa!$E$7 -> 516 | R18: =Condensa!$F$6 -> 3.2 | S18: =pvs_t(R18) -> #NAME? | T18: =Condensa!$F$7 -> 606 | Y18: =Condensa!$G$6 -> 8.2 | Z18: =pvs_t(Y18) -> #NAME? | AA18: =Condensa!$G$7 -> 583 | AF18: =Condensa!$H$6 -> 12.7 | AG18: =pvs_t(AF18) -> #NAME? | AH18: =Condensa!$H$7 -> 804 | AM18: =Condensa!$I$6 -> 16.7 | AN18: =pvs_t(AM18) -> #NAME? | AO18: =Condensa!$I$7 -> 1235 | AT18: =Condensa!$J$6 -> 21.1 | AU18: =pvs_t(AT18) -> #NAME? | AV18: =Condensa!$J$7 -> 1702 | BA18: =Condensa!$K$6 -> 23.3 | BB18: =pvs_t(BA18) -> #NAME? | BC18: =Condensa!$K$7 -> 1837 | BH18: =Condensa!$L$6 -> 22.6 | BI18: =pvs_t(BH18) -> #NAME? | BJ18: =Condensa!$L$7 -> 1953 | BO18: =Condensa!$M$6 -> 18.8 | BP18: =pvs_t(BO18) -> #NAME? | BQ18: =Condensa!$M$7 -> 1504 | BV18: =Condensa!$N$6 -> 12.6 | BW18: =pvs_t(BV18) -> #NAME? | BX18: =Condensa!$N$7 -> 1180 | CC18: =Condensa!$O$6 -> 6.8 | CD18: =pvs_t(CC18) -> #NAME? | CE18: =Condensa!$O$7 -> 841 | CJ18: =Condensa!$P$6 -> 2 | CK18: =pvs_t(CJ18) -> #NAME? | CL18: =Condensa!$P$7 -> 606
G19: =G17+0.25+0.04 -> 1.510202
J20: fRsi | K20: =(K7-K18)/(K6-K18) -> 0.83445923 | N20: {=IF(O$20>0,INDEX($J$7:$J$17,O$20,1),$J$17)} -> #DIV/0! | O20: =MAX(O$7:O$17) -> #DIV/0! | P20: {=IF(O$20>0,INDEX(L$7:L$17,O$20,1),M$17)} -> #DIV/0! | Q20: =Q7-Q16 -> #DIV/0! | U20: {=IF(V$20>0,INDEX($J$7:$J$17,V$20,1),$J$17)} -> #DIV/0! | V20: =MAX(V$7:V$17) -> #DIV/0! | W20: {=IF(V$20>0,INDEX(S$7:S$17,V$20,1),T$17)} -> #DIV/0! | X20: =X7-X16 -> #DIV/0! | AB20: {=IF(AC$20>0,INDEX($J$7:$J$17,AC$20,1),$J$17)} -> #DIV/0! | AC20: =MAX(AC$7:AC$17) -> #DIV/0! | AD20: {=IF(AC$20>0,INDEX(Z$7:Z$17,AC$20,1),AA$17)} -> #DIV/0! | AE20: =AE7-AE16 -> #DIV/0! | AI20: {=IF(AJ$20>0,INDEX($J$7:$J$17,AJ$20,1),$J$17)} -> #DIV/0! | AJ20: =MAX(AJ$7:AJ$17) -> #DIV/0! | AK20: {=IF(AJ$20>0,INDEX(AG$7:AG$17,AJ$20,1),AH$17)} -> #DIV/0! | AL20: =AL7-AL16 -> #DIV/0! | AP20: {=IF(AQ$20>0,INDEX($J$7:$J$17,AQ$20,1),$J$17)} -> #DIV/0! | AQ20: =MAX(AQ$7:AQ$17) -> #DIV/0! | AR20: {=IF(AQ$20>0,INDEX(AN$7:AN$17,AQ$20,1),AO$17)} -> #DIV/0! | AS20: =AS7-AS16 -> #DIV/0! | AW20: {=IF(AX$20>0,INDEX($J$7:$J$17,AX$20,1),$J$17)} -> #DIV/0! | AX20: =MAX(AX$7:AX$17) -> #DIV/0! | AY20: {=IF(AX$20>0,INDEX(AU$7:AU$17,AX$20,1),AV$17)} -> #DIV/0! | AZ20: =AZ7-AZ16 -> #DIV/0! | BD20: {=IF(BE$20>0,INDEX($J$7:$J$17,BE$20,1),$J$17)} -> #DIV/0! | BE20: =MAX(BE$7:BE$17) -> #DIV/0! | BF20: {=IF(BE$20>0,INDEX(BB$7:BB$17,BE$20,1),BC$17)} -> #DIV/0! | BG20: =BG7-BG16 -> #DIV/0! | BK20: {=IF(BL$20>0,INDEX($J$7:$J$17,BL$20,1),$J$17)} -> #DIV/0! | BL20: =MAX(BL$7:BL$17) -> #DIV/0! | BM20: {=IF(BL$20>0,INDEX(BI$7:BI$17,BL$20,1),BJ$17)} -> #DIV/0! | BN20: =BN7-BN16 -> #DIV/0! | BR20: {=IF(BS$20>0,INDEX($J$7:$J$17,BS$20,1),$J$17)} -> #DIV/0! | BS20: =MAX(BS$7:BS$17) -> #DIV/0! | BT20: {=IF(BS$20>0,INDEX(BP$7:BP$17,BS$20,1),BQ$17)} -> #DIV/0! | BU20: =BU7-BU16 -> #DIV/0! | BY20: {=IF(BZ$20>0,INDEX($J$7:$J$17,BZ$20,1),$J$17)} -> #DIV/0! | BZ20: =MAX(BZ$7:BZ$17) -> #DIV/0! | CA20: {=IF(BZ$20>0,INDEX(BW$7:BW$17,BZ$20,1),BX$17)} -> #DIV/0! | CB20: =CB7-CB16 -> #DIV/0! | CF20: {=IF(CG$20>0,INDEX($J$7:$J$17,CG$20,1),$J$17)} -> #DIV/0! | CG20: =MAX(CG$7:CG$17) -> #DIV/0! | CH20: {=IF(CG$20>0,INDEX(CD$7:CD$17,CG$20,1),CE$17)} -> #DIV/0! | CI20: =CI7-CI16 -> #DIV/0! | CM20: {=IF(CN$20>0,INDEX($J$7:$J$17,CN$20,1),$J$17)} -> #DIV/0! | CN20: =MAX(CN$7:CN$17) -> #DIV/0! | CO20: {=IF(CN$20>0,INDEX(CK$7:CK$17,CN$20,1),CL$17)} -> #DIV/0! | CP20: =CP7-CP16 -> #DIV/0!
E25: pmin | F25: pmax | G25: gcond
C26: Mese | E26: [Pa] | F26: [Pa] | G26: [kg/m2s]
C27: =Condensa!B18 -> Gennaio | E27: =MIN(INT(MIN(G30:I40)/100)*100,300) -> #NAME? | F27: =(INT(MAX(G30:I40)/100)+1)*100 -> #NAME? | G27: {=INDEX($K$7:$CP$17,1,7*($C$28-1)+7)-INDEX($K$7:$CP$17,10,7*($C$28-1)+7)} -> #NAME?
C28: =imese($C$27) -> #NAME? | F28: s'd | G28: ps | H28: p | I28: pcorr
F29: [m] | G29: [Pa] | H29: [Pa] | I29: [Pa]
C30: i - I | D30: 1 | E30: =F30 -> 0 | F30: =0 -> 0 | G30: =INDEX($K$7:$CP$17,$D30,7*($C$28-1)+2) -> #NAME? | H30: =INDEX($K$7:$CP$17,$D30,7*($C$28-1)+3) -> #NAME? | I30: =INDEX($K$7:$CP$17,$D30,7*($C$28-1)+6) -> #NAME?
C31: I - II | D31: =D30+1 -> 2 | E31: =F31 -> 0 | F31: =F30+F7 -> 0 | G31: =INDEX($K$7:$CP$17,$D31,7*($C$28-1)+2) -> #NAME? | H31: =INDEX($K$7:$CP$17,$D31,7*($C$28-1)+3) -> #NAME? | I31: =INDEX($K$7:$CP$17,$D31,7*($C$28-1)+6) -> #NAME?
C32: II- III | D32: =D31+1 -> 3 | E32: =F32 -> 0 | F32: =F31+F8 -> 0 | G32: =INDEX($K$7:$CP$17,$D32,7*($C$28-1)+2) -> #NAME? | H32: =INDEX($K$7:$CP$17,$D32,7*($C$28-1)+3) -> #NAME? | I32: =INDEX($K$7:$CP$17,$D32,7*($C$28-1)+6) -> #NAME?
C33: III - IV | D33: =D32+1 -> 4 | E33: =F33 -> 0 | F33: =F32+F9 -> 0 | G33: =INDEX($K$7:$CP$17,$D33,7*($C$28-1)+2) -> #NAME? | H33: =INDEX($K$7:$CP$17,$D33,7*($C$28-1)+3) -> #NAME? | I33: =INDEX($K$7:$CP$17,$D33,7*($C$28-1)+6) -> #NAME?
C34: IV - V | D34: =D33+1 -> 5 | E34: =F34 -> 0 | F34: =F33+F10 -> 0 | G34: =INDEX($K$7:$CP$17,$D34,7*($C$28-1)+2) -> #NAME? | H34: =INDEX($K$7:$CP$17,$D34,7*($C$28-1)+3) -> #NAME? | I34: =INDEX($K$7:$CP$17,$D34,7*($C$28-1)+6) -> #NAME?
C35: V - VI | D35: =D34+1 -> 6 | E35: =F35 -> 0 | F35: =F34+F11 -> 0 | G35: =INDEX($K$7:$CP$17,$D35,7*($C$28-1)+2) -> #NAME? | H35: =INDEX($K$7:$CP$17,$D35,7*($C$28-1)+3) -> #NAME? | I35: =INDEX($K$7:$CP$17,$D35,7*($C$28-1)+6) -> #NAME?
C36: VI - VII | D36: =D35+1 -> 7 | E36: =F36 -> 0 | F36: =F35+F12 -> 0 | G36: =INDEX($K$7:$CP$17,$D36,7*($C$28-1)+2) -> #NAME? | H36: =INDEX($K$7:$CP$17,$D36,7*($C$28-1)+3) -> #NAME? | I36: =INDEX($K$7:$CP$17,$D36,7*($C$28-1)+6) -> #NAME?
C37: VII - VIII | D37: =D36+1 -> 8 | E37: =F37 -> 0 | F37: =F36+F13 -> 0 | G37: =INDEX($K$7:$CP$17,$D37,7*($C$28-1)+2) -> #NAME? | H37: =INDEX($K$7:$CP$17,$D37,7*($C$28-1)+3) -> #NAME? | I37: =INDEX($K$7:$CP$17,$D37,7*($C$28-1)+6) -> #NAME?
C38: VIII - IX | D38: =D37+1 -> 9 | E38: =F38 -> 0 | F38: =F37+F14 -> 0 | G38: =INDEX($K$7:$CP$17,$D38,7*($C$28-1)+2) -> #NAME? | H38: =INDEX($K$7:$CP$17,$D38,7*($C$28-1)+3) -> #NAME? | I38: =INDEX($K$7:$CP$17,$D38,7*($C$28-1)+6) -> #NAME?
C39: IX - X | D39: =D38+1 -> 10 | E39: =F39 -> 0 | F39: =F38+F15 -> 0 | G39: =INDEX($K$7:$CP$17,$D39,7*($C$28-1)+2) -> #NAME? | H39: =INDEX($K$7:$CP$17,$D39,7*($C$28-1)+3) -> #NAME? | I39: =INDEX($K$7:$CP$17,$D39,7*($C$28-1)+6) -> #NAME?
C40: X - e | D40: =D39+1 -> 11 | E40: =F40 -> 0 | F40: =F39+F16 -> 0 | G40: =INDEX($K$7:$CP$17,$D40,7*($C$28-1)+2) -> #NAME? | H40: =INDEX($K$7:$CP$17,$D40,7*($C$28-1)+3) -> #NAME? | I40: =INDEX($K$7:$CP$17,$D40,7*($C$28-1)+6) -> #NAME?

Sheet Temperatura
B1: Città | C1: Zona climatica | D1: Gen | E1: Feb | F1: Mar | G1: Apr | H1: Mag | I1: Giu | J1: Lug | K1: Ago | L1: Set | M1: Ott | N1: Nov | O1: Dic
B2: Agrigento | C2: B | D2: 10.4 | E2: 10.8 | F2: 12.7 | G2: 15.6 | H2: 19.4 | I2: 24.1 | J2: 26.9 | K2: 26.5 | L2: 24 | M2: 19.9 | N2: 15.9 | O2: 12.2
B3: Alessandria | C3: E | D3: 0 | E3: 2.8 | F3: 8.1 | G3: 13.1 | H3: 17.3 | I3: 22 | J3: 24.7 | K3: 23.6 | L3: 19.9 | M3: 13.1 | N3: 6.9 | O3: 1.9
B4: Ancona | C4: D | D4: 6.3 | E4: 7.1 | F4: 9.9 | G4: 13.4 | H4: 17 | I4: 21.8 | J4: 24.4 | K4: 24.1 | L4: 21.3 | M4: 16.5 | N4: 12.1 | O4: 7.8
B5: Aosta | C5: E | D5: -0.3 | E5: 2.6 | F5: 6.7 | G5: 11 | H5: 14.7 | I5: 18.7 | J5: 20.5 | K5: 19.4 | L5: 15.9 | M5: 10.3 | N5: 4.8 | O5: 0.8
B6: L'Aquila | C6: E | D6: 2 | E6: 3.6 | F6: 7.1 | G6: 11.4 | H6: 15 | I6: 19.1 | J6: 22 | K6: 21.8 | L6: 18.6 | M6: 13.1 | N6: 8.2 | O6: 3.8
B7: Arezzo | C7: E | D7: 5.1 | E7: 5.9 | F7: 9.2 | G7: 12.6 | H7: 16.4 | I7: 20.9 | J7: 24 | K7: 23.4 | L7: 20.3 | M7: 15 | N7: 10.2 | O7: 6.1
B8: Ascoli Piceno | C8: D | D8: 5.5 | E8: 6.6 | F8: 9.5 | G8: 13.3 | H8: 17.2 | I8: 21.7 | J8: 24.4 | K8: 24.3 | L8: 21.1 | M8: 15.8 | N8: 10.9 | O8: 7
B9: Asti | C9: E | D9: -0.4 | E9: 2.7 | F9: 7.9 | G9: 13 | H9: 17 | I9: 21.6 | J9: 24.2 | K9: 22.9 | L9: 18.9 | M9: 12.7 | N9: 6.1 | O9: 1.3
B10: Avellino | C10: D | D10: 5.5 | E10: 6.5 | F10: 8.8 | G10: 12.4 | H10: 16 | I10: 20.3 | J10: 23.1 | K10: 22.6 | L10: 19.6 | M10: 14.8 | N10: 10.4 | O10: 6.8
B11: Bari | C11: C | D11: 8.6 | E11: 9.2 | F11: 11.1 | G11: 14.2 | H11: 18 | I11: 22.3 | J11: 24.7 | K11: 24.5 | L11: 22 | M11: 17.9 | N11: 14 | O11: 10.2
B12: Belluno | C12: E | D12: 0.1 | E12: 2.3 | F12: 6.8 | G12: 11.2 | H12: 14.9 | I12: 18.9 | J12: 21.2 | K12: 20.8 | L12: 17.7 | M12: 12.4 | N12: 6.5 | O12: 1.7
B13: Benevento | C13: C | D13: 6.8 | E13: 7.7 | F13: 10.3 | G13: 13.7 | H13: 17.5 | I13: 22.1 | J13: 24.8 | K13: 24.3 | L13: 21.4 | M13: 16.5 | N13: 12.1 | O13: 8
... B102: Viterbo | C102: D | D102: 5.7 | E102: 6.6 | F102: 9.4 | G102: 12.7 | H102: 16.9 | I102: 21.8 | J102: 24.8 | K102: 24 | L102: 20.7 | M102: 15.9 | N102: 11.3 | O102: 7.5

Sheet Pressione vapore
B1: Città | C1: Gen | D1: Feb | E1: Mar | F1: Apr | G1: Mag | H1: Giu | I1: Lug | J1: Ago | K1: Set | L1: Ott | M1: Nov | N1: Dic
B2: Agrigento | C2: 1184 | D2: 1105 | E2: 1045 | F2: 1166 | G2: 1415 | H2: 1802 | I2: 2137 | J2: 2115 | K2: 2149 | L2: 1699 | M2: 1455 | N2: 1084
B3: Alessandria | C3: 509 | D3: 594 | E3: 792 | F3: 1091 | G3: 1402 | H3: 1862 | I3: 2023 | J3: 1964 | K3: 1737 | L3: 1205 | M3: 863 | N3: 600
B4: Ancona | C4: 819 | D4: 827 | E4: 984 | F4: 1201 | G4: 1359 | H4: 1828 | I4: 1963 | J4: 2018 | K4: 1977 | L4: 1521 | M4: 1157 | N4: 843
B5: Aosta | C5: 497 | D5: 584 | E5: 714 | F5: 931 | G5: 1226 | H5: 1520 | I5: 1663 | J5: 1657 | K5: 1360 | L5: 1018 | M5: 749 | N5: 550
B6: L'Aquila | C6: 595 | D6: 633 | E6: 736 | F6: 961 | G6: 1247 | H6: 1562 | I6: 1792 | J6: 1833 | K6: 1615 | L6: 1205 | M6: 934 | N6: 686
B7: Arezzo | C7: 727 | D7: 745 | E7: 853 | F7: 1053 | G7: 1341 | H7: 1748 | I7: 1963 | J7: 1950 | K7: 1775 | L7: 1332 | M7: 1042 | N7: 790
B8: Ascoli Piceno | C8: 744 | D8: 779 | E8: 870 | F8: 1106 | G8: 1395 | H8: 1831 | I8: 1997 | J8: 2015 | K8: 1849 | L8: 1385 | M8: 1079 | N8: 831
B9: Asti | C9: 492 | D9: 589 | E9: 781 | F9: 1083 | G9: 1382 | H9: 1821 | I9: 1980 | J9: 1913 | K9: 1643 | L9: 1179 | M9: 820 | N9: 572
B10: Avellino | C10: 744 | D10: 774 | E10: 831 | F10: 1037 | G10: 1314 | H10: 1686 | I10: 1886 | J10: 1891 | K10: 1709 | L10: 1319 | M10: 1052 | N10: 822
B11: Bari | C11: 758 | D11: 846 | E11: 897 | F11: 1155 | G11: 1416 | H11: 1760 | I11: 2012 | J11: 1569 | K11: 1831 | L11: 1469 | M11: 1222 | N11: 971
B12: Belluno | C12: 514 | D12: 570 | E12: 720 | F12: 946 | G12: 1240 | H12: 1541 | I12: 1723 | J12: 1760 | K12: 1530 | L12: 1159 | M12: 842 | N12: 591
B13: Benevento | C13: 799 | D13: 832 | E13: 914 | F13: 1136 | G13: 1415 | H13: 1872 | I13: 2031 | J13: 2015 | K13: 1877 | L13: 1432 | M13: 1143 | N13: 875
... B102: Viterbo | C102: 753 | D102: 779 | E102: 864 | F102: 1060 | G102: 1375 | H102: 1841 | I102: 2031 | J102: 1993 | K102: 1812 | L102: 1392 | M102: 1101 | N102: 853

Sheet Materiali
B2: Tipo di materiale | C2: Materiale | D2: Massa volumica | E2: Calore specifico | F2: Conducibilità termica | G2: Permeabilità al vapore | H2: Fattore di resistenza al vapore
B3: Aria | C3: Aria in quiete | D3: 1.3 | E3: 1000 | F3: 0.026 | G3: 200 | H3: =IF(G3="","",200/G3) -> 1
B4: Calcestruzzo | C4: Calcestruzzo a struttura chiusa confezionato con aggregati naturali | D4: 2000 | E4: 880 | F4: 1.16 | G4: 2.9 | H4: =IF(G4="","",200/G4) -> 68.965517
B5: Calcestruzzo | C5: Calcestruzzo a struttura chiusa confezionato con aggregati naturali | D5: 2200 | E5: 880 | F5: 1.48 | G5: 2.9 | H5: =IF(G5="","",200/G5) -> 68.965517
B6: Calcestruzzo | C6: Calcestruzzo a struttura chiusa confezionato con aggregati naturali | D6: 2400 | E6: 880 | F6: 1.91 | G6: 2.9 | H6: =IF(G6="","",200/G6) -> 68.965517
B7: Calcestruzzo | C7: Calcestruzzo a struttura chiusa di argille espanse | D7: 1000 | E7: 880 | F7: 0.31 | G7: 2.9 | H7: =IF(G7="","",200/G7) -> 68.965517
B8: Calcestruzzo | C8: Calcestruzzo a struttura chiusa di argille espanse | D8: 1100 | E8: 880 | F8: 0.35 | G8: 2.9 | H8: =IF(G8="","",200/G8) -> 68.965517
B9: Calcestruzzo | C9: Calcestruzzo a struttura chiusa di argille espanse | D9: 1200 | E9: 880 | F9: 0.39 | G9: 2.9 | H9: =IF(G9="","",200/G9) -> 68.965517
B10: Calcestruzzo | C10: Calcestruzzo a struttura chiusa di argille espanse | D10: 1300 | E10: 880 | F10: 0.44 | G10: 2.9 | H10: =IF(G10="","",200/G10) -> 68.965517
B11: Calcestruzzo | C11: Calcestruzzo a struttura chiusa di argille espanse | D11: 1400 | E11: 880 | F11: 0.5 | G11: 2.9 | H11: =IF(G11="","",200/G11) -> 68.965517
B12: Calcestruzzo | C12: Calcestruzzo a struttura chiusa di argille espanse | D12: 1500 | E12: 880 | F12: 0.57 | G12: 2.9 | H12: =IF(G12="","",200/G12) -> 68.965517
B13: Calcestruzzo | C13: Calcestruzzo a struttura chiusa di argille espanse | D13: 1600 | E13: 880 | F13: 0.65 | G13: 2.9 | H13: =IF(G13="","",200/G13) -> 68.965517
B14: Calcestruzzo | C14: Calcestruzzo a struttura chiusa di argille espanse | D14: 1700 | E14: 880 | F14: 0.75 | G14: 2.9 | H14: =IF(G14="","",200/G14) -> 68.965517
... B83: Legnami | C83: Quercia (flusso parallelo alle fibre) | D83: 850 | E83: 2400 | F83: 0.32 | G83: 9.28 | H83: =IF(G83="","",200/G83) -> 21.551724
B84: Mastici per tenute | C84: Siliconici, poliuretanici, acrilici | D84: 1000 | E84: 1300 | F84: 0.4 | H84: =IF(G84="","",200/G84)
B85: Mastici per tenute | C85: Siliconici, poliuretanici, acrilici | D85: 1200 | E85: 1300 | F85: 0.4 | H85: =IF(G85="","",200/G85)
B86: Mastici per tenute | C86: Siliconici, poliuretanici, acrilici | D86: 1400 | E86: 1300 | F86: 0.4 | H86: =IF(G86="","",200/G86)
B87: Mastici per tenute | C87: Siliconici, poliuretanici, acrilici | D87: 1650 | E87: 1300 | F87: 0.4 | H87: =IF(G87="","",200/G87)
B88: Materiali per impermeabilizzazioni | C88: Asfalto | D88: 2100 | E88: 920 | F88: 0.7 | G88: =0.00938 -> 0.00938 | H88: =IF(G88="","",200/G88) -> 21321.962
B89: Materiali per impermeabilizzazioni | C89: Asfalto con sabbia | D89: 2300 | E89: 880 | F89: 1.15 | G89: =0.09376 -> 0.09376 | H89: =IF(G89="","",200/G89) -> 2133.1058
B90: Materiali per impermeabilizzazioni | C90: Bitume | D90: 1200 | E90: 920 | F90: 0.17 | G90: =0.00976 -> 0.00976 | H90: =IF(G90="","",200/G90) -> 20491.803
B91: Materiali per impermeabilizzazioni | C91: Bitume con sabbia | D91: 1300 | E91: 880 | F91: 0.26 | G91: =0.01875 -> 0.01875 | H91: =IF(G91="","",200/G91) -> 10666.667
B92: Materiali per impermeabilizzazioni | C92: Cartone catramato | D92: 1600 | E92: 880 | F92: 0.5 | G92: =0.01875 -> 0.01875 | H92: =IF(G92="","",200/G92) -> 10666.667
B93: Materiali per impermeabilizzazioni | C93: Fogli di materiale sintetico | D93: 1100 | E93: 1000 | F93: 0.23 | G93: 0.075 | H93: =IF(G93="","",200/G93) -> 2666.6667
B94: Materiali sfusi e di riempimento | C94: Argilla espansa in granuli da 3 a 25 mm | D94: 280 | E94: 920 | F94: 0.09 | G94: 62.61 | H94: =IF(G94="","",200/G94) -> 3.1943779
B95: Materiali sfusi e di riempimento | C95: Argilla espansa in granuli da 3 a 25 mm | D95: 330 | E95: 920 | F95: 0.1 | G95: 62.61 | H95: =IF(G95="","",200/G95) -> 3.1943779
B96: Materiali sfusi e di riempimento | C96: Argilla espansa in granuli da 3 a 25 mm | D96: 450 | E96: 920 | F96: 0.12 | G96: 62.61 | H96: =IF(G96="","",200/G96) -> 3.1943779
B97: Materiali sfusi e di riempimento | C97: Fibra di cellulosa | D97: 32 | E97: 1300 | F97: 0.058 | G97: 62.51 | H97: =IF(G97="","",200/G97) -> 3.1994881
B98: Materiali sfusi e di riempimento | C98: Perlite espansa in granuli da 0,1 a 2,3 mm | D98: 100 | E98: 840 | F98: 0.066 | G98: 62.51 | H98: =IF(G98="","",200/G98) -> 3.1994881
B99: Materiali sfusi e di riempimento | C99: Polistirolo espansi in granuli | D99: 15 | F99: 0.054 | H99: =IF(G99="","",200/G99)
B100: Materiali sfusi e di riempimento | C100: Scorie espanse | D100: 600 | E100: 840 | F100: 0.13 | G100: 62.51 | H100: =IF(G100="","",200/G100) -> 3.1994881
B101: Materiali sfusi e di riempimento | C101: Vermiculite espansa in granuli da 0,1 a 12 mm | D101: 80 | E101: 840 | F101: 0.077 | G101: 62.51 | H101: =IF(G101="","",200/G101) -> 3.1994881
B102: Materiali sfusi e di riempimento | C102: Vermiculite espansa in granuli da 0,1 a 12 mm | D102: 120 | E102: 840 | F102: 0.082 | G102: 62.51 | H102: =IF(G102="","",200/G102) -> 3.1994881
B103: Materiali sfusi e di riempimento | C103: Ciottoli e pietre frantumate | D103: 1500 | E103: 840 | F103: 0.7 | G103: 37.5 | H103: =IF(G103="","",200/G103) -> 5.3333333
B104: Materiali sfusi e di riempimento | C104: Ghiaia grossa senza argilla | D104: 1700 | E104: 840 | F104: 1.2 | G104: 37.5 | H104: =IF(G104="","",200/G104) -> 5.3333333
B105: Materiali sfusi e di riempimento | C105: Sabbia secca | D105: 1700 | E105: 840 | F105: 0.6 | G105: 12.5 | H105: =IF(G105="","",200/G105) -> 16
B106: Materiali sfusi e di riempimento | C106: Pomice naturale | D106: 400 | E106: 840 | F106: 0.08 | G106: 62.51 | H106: =IF(G106="","",200/G106) -> 3.1994881
B107: Materie plastiche cellulari | C107: Cloruro di polivinile espanso rigido in lastre | D107: 30 | E107: 1300 | F107: 0.039 | G107: 1.5 | H107: =IF(G107="","",200/G107) -> 133.33333
B108: Materie plastiche cellulari | C108: Cloruro di polivinile espanso rigido in lastre | D108: 40 | E108: 1300 | F108: 0.041 | G108: 1.5 | H108: =IF(G108="","",200/G108) -> 133.33333
B109: Materie plastiche cellulari | C109: Polietilene espanso estruso in continuo, non reticolato | D109: 30 | E109: 2100 | F109: 0.05 | G109: 0.938 | H109: =IF(G109="","",200/G109) -> 213.21962
B110: Materie plastiche cellulari | C110: Polietilene espanso estruso in continuo, non reticolato | D110: 50 | E110: 2100 | F110: 0.06 | G110: 0.938 | H110: =IF(G110="","",200/G110) -> 213.21962
B111: Materie plastiche cellulari | C111: Polietilene espanso estruso in continuo, reticolato | D111: 33 | E111: 2100 | F111: 0.048 | G111: 0.938 | H111: =IF(G111="","",200/G111) -> 213.21962
... B142: Materie plastiche cellulari | C142: Resine ureiche espanse in situ | D142: 30 | E142: 1250 | F142: 0.048 | G142: 85 | H142: =IF(G142="","",200/G142) -> 2.3529412
B143: Materie plastiche compatte | C143: Acrilonitrile-butadiene-stirene (ABS) | D143: 1050 | E143: 1550 | F143: 0.28 | H143: =IF(G143="","",200/G143)
B144: Materie plastiche compatte | C144: Carbammide e resine melamminiche con cariche | D144: 1500 | F144: 0.4 | G144: 6.25 | H144: =IF(G144="","",200/G144) -> 32
B145: Materie plastiche compatte | C145: Celluloide | D145: 1350 | E145: 1700 | F145: 0.35 | H145: =IF(G145="","",200/G145)
B146: Materie plastiche compatte | C146: Ebanite, gomma dura | D146: 1150 | E146: 1700 | F146: 0.16 | G146: 9.38 | H146: =IF(G146="","",200/G146) -> 21.321962
B147: Materie plastiche compatte | C147: Polimetilmetacrilato (PMMA) | D147: 1200 | F147: 0.18 | H147: =IF(G147="","",200/G147)
B148: Materie plastiche compatte | C148: Poliammide (PA) | D148: 1100 | F148: 0.3 | H148: =IF(G148="","",200/G148)
B149: Materie plastiche compatte | C149: Policarbonato (PC) | D149: 1150 | F149: 0.23 | H149: =IF(G149="","",200/G149)
B150: Materie plastiche compatte | C150: Politetrafluoroetilene (PTFE) | D150: 2200 | E150: 920 | F150: 0.24 | H150: =IF(G150="","",200/G150)
B151: Materie plastiche compatte | C151: Polietilene (PE) | D151: 950 | E151: 2100 | F151: 0.35 | G151: 3.75 | H151: =IF(G151="","",200/G151) -> 53.333333
B152: Materie plastiche compatte | C152: Policloruro di vinile (PVC) | D152: 1400 | E152: 1300 | F152: 0.16 | G152: 18.75 | H152: =IF(G152="","",200/G152) -> 10.666667
B153: Materie plastiche compatte | C153: Polistirene (PS) | D153: 1100 | E153: 1250 | F153: 0.17 | H153: =IF(G153="","",200/G153)
B154: Materie plastiche compatte | C154: Resine acriliche | D154: 1450 | E154: 920 | F154: 0.2 | H154: =IF(G154="","",200/G154)
B155: Materie plastiche compatte | C155: Resine epossidiche | D155: 1200 | F155: 0.2 | G155: 2.88 | H155: =IF(G155="","",200/G155) -> 69.444444
B156: Materie plastiche compatte | C156: Resine fenoliche con cariche organiche | D156: 1400 | E156: 1300 | F156: 0.3 | H156: =IF(G156="","",200/G156)
B157: Materie plastiche compatte | C157: Resine poliestere con fibra di vetro | D157: 2000 | E157: 1300 | F157: 0.5 | G157: 3.75 | H157: =IF(G157="","",200/G157) -> 53.333333
B158: Metalli | C158: Acciaio | D158: 7800 | F158: 52 | H158: =IF(G158="","",200/G158)
B159: Metalli | C159: Acciaio inossidabile | D159: 8000 | E159: 500 | F159: 17 | H159: =IF(G159="","",200/G159)
B160: Metalli | C160: Argento | D160: 10500 | E160: 230 | F160: 420 | H160: =IF(G160="","",200/G160)
B161: Metalli | C161: Alluminio | D161: 2700 | E161: 960 | F161: 220 | G161: 94 | H161: =IF(G161="","",200/G161) -> 2.1276596
B162: Metalli | C162: Leghe di alluminio | D162: 2800 | E162: 960 | F162: 160 | H162: =IF(G162="","",200/G162)
B163: Metalli | C163: Bronzo | D163: 8700 | E163: 400 | F163: 65 | H163: =IF(G163="","",200/G163)
B164: Metalli | C164: Ferro puro | D164: 7870 | E164: 460 | F164: 80 | H164: =IF(G164="","",200/G164)
B165: Metalli | C165: Ghisa | D165: 7200 | E165: 550 | F165: 50 | H165: =IF(G165="","",200/G165)
B166: Metalli | C166: Nichel | D166: 8800 | E166: 460 | F166: 65 | H166: =IF(G166="","",200/G166)
B167: Metalli | C167: Ottone | D167: 8400 | E167: 400 | F167: 110 | H167: =IF(G167="","",200/G167)
B168: Metalli | C168: Piombo | D168: 11300 | E168: 200 | F168: 35 | H168: =IF(G168="","",200/G168)
B169: Metalli | C169: Rame | D169: 8900 | E169: 380 | F169: 380 | H169: =IF(G169="","",200/G169)
B170: Metalli | C170: Zinco | D170: 7100 | E170: 390 | F170: 110 | H170: =IF(G170="","",200/G170)
B171: Pannelli e lastre varie | C171: Lastre a base di perlite espansa, fibre e leganti bituminosi | D171: 190 | E171: 840 | F171: 0.071 | G171: 36 | H171: =IF(G171="","",200/G171) -> 5.5555556
B172: Pannelli e lastre varie | C172: Pannelli di fibre di legno duri ed extraduri | D172: 800 | E172: 2100 | F172: 0.14 | G172: 26 | H172: =IF(G172="","",200/G172) -> 7.6923077
B173: Pannelli e lastre varie | C173: Pannelli di fibre di legno duri ed extraduri | D173: 900 | E173: 2100 | F173: 0.16 | G173: 26 | H173: =IF(G173="","",200/G173) -> 7.6923077
B174: Pannelli e lastre varie | C174: Pannelli di fibre di legno duri ed extraduri | D174: 1000 | E174: 2100 | F174: 0.18 | G174: 26 | H174: =IF(G174="","",200/G174) -> 7.6923077
B175: Pannelli e lastre varie | C175: Pannelli di lana di legno con leganti inorganici | D175: 300 | E175: 2100 | F175: 0.085 | G175: 63 | H175: =IF(G175="","",200/G175) -> 3.1746032
B176: Pannelli e lastre varie | C176: Pannelli di lana di legno con leganti inorganici | D176: 350 | E176: 2100 | F176: 0.091 | G176: 63 | H176: =IF(G176="","",200/G176) -> 3.1746032
B177: Pannelli e lastre varie | C177: Pannelli di lana di legno con leganti inorganici | D177: 400 | E177: 2100 | F177: 0.097 | G177: 63 | H177: =IF(G177="","",200/G177) -> 3.1746032
B178: Pannelli e lastre varie | C178: Pannelli di lana di legno con leganti inorganici | D178: 500 | E178: 2100 | F178: 0.11 | G178: 63 | H178: =IF(G178="","",200/G178) -> 3.1746032
B179: Pannelli e lastre varie | C179: Pannelli di spaccato di legno e leganti inorganici | D179: 400 | E179: 2100 | F179: 0.12 | G179: 6.25 | H179: =IF(G179="","",200/G179) -> 32
B180: Pannelli e lastre varie | C180: Pannelli di spaccato di legno e leganti inorganici | D180: 500 | E180: 2100 | F180: 0.14 | G180: 6.25 | H180: =IF(G180="","",200/G180) -> 32
B181: Pannelli e lastre varie | C181: Pannelli di spaccato di legno e leganti inorganici | D181: 600 | E181: 2100 | F181: 0.16 | G181: 6.25 | H181: =IF(G181="","",200/G181) -> 32
B182: Pannelli e lastre varie | C182: Pannelli di particelle pressati | D182: 500 | E182: 2100 | F182: 0.1 | G182: 2.7 | H182: =IF(G182="","",200/G182) -> 74.074074
... B190: Porcellana | C190: Piastrelle | D190: 2300 | E190: 840 | F190: 1 | G190: 0.94 | H190: =IF(G190="","",200/G190) -> 212.76596
B191: Rocce naturali | C191: Ardesia | D191: 2700 | E191: 840 | F191: 2 | H191: =IF(G191="","",200/G191)
B192: Rocce naturali | C192: Basalto | D192: 2800 | E192: 840 | F192: 3.5 | H192: =IF(G192="","",200/G192)
B193: Rocce naturali | C193: Calcare | D193: 1900 | E193: 840 | F193: 1.5 | H193: =IF(G193="","",200/G193)
B194: Rocce naturali | C194: Calcare | D194: 2100 | E194: 840 | F194: 1.6 | H194: =IF(G194="","",200/G194)
B195: Rocce naturali | C195: Calcare | D195: 2700 | E195: 840 | F195: 2.9 | H195: =IF(G195="","",200/G195)
B196: Rocce naturali | C196: Calcare | D196: 2800 | E196: 840 | F196: 3.5 | H196: =IF(G196="","",200/G196)
B197: Rocce naturali | C197: Dolomite | D197: 2700 | E197: 840 | F197: 1.8 | H197: =IF(G197="","",200/G197)
B198: Rocce naturali | C198: Feldspato | D198: 2500 | E198: 840 | F198: 2.4 | H198: =IF(G198="","",200/G198)
B199: Rocce naturali | C199: Gneiss | D199: 2700 | E199: 840 | F199: 3.5 | H199: =IF(G199="","",200/G199)
B200: Rocce naturali | C200: Granito | D200: 2500 | E200: 840 | F200: 3.2 | H200: =IF(G200="","",200/G200)
B201: Rocce naturali | C201: Granito | D201: 3000 | E201: 840 | F201: 4.1 | H201: =IF(G201="","",200/G201)
B202: Rocce naturali | C202: Lava | D202: 2200 | E202: 840 | F202: 2.9 | H202: =IF(G202="","",200/G202)
... B212: Silicato di calcio | C212: Lastre | D212: 240 | E212: 840 | F212: 0.094 | H212: =IF(G212="","",200/G212)
B213: Vetro | C213: Vetro cellulare espanso | D213: 130 | E213: 840 | F213: 0.055 | G213: =0.00000188 -> 1.88e-06 | H213: =IF(G213="","",200/G213) -> 1.0638298e+08
B214: Vetro | C214: Vetro cellulare espanso | D214: 150 | E214: 840 | F214: 0.06 | G214: =0.00000188 -> 1.88e-06 | H214: =IF(G214="","",200/G214) -> 1.0638298e+08
B215: Vetro | C215: Vetro cellulare espanso | D215: 180 | E215: 840 | F215: 0.066 | G215: =0.00000188 -> 1.88e-06 | H215: =IF(G215="","",200/G215) -> 1.0638298e+08
...

Sheet Dati
B1: Spessore | C1: Spessore | L1: Ora | M1: q*/U | N1: qi/U | O1: qe/U | P1: qe/U
M2: cos(w t) | P2: qi/U
B3: 0 | C3: 1 | F3: 0 | G3: 0 | L3: =0 -> 0 | M3: =COS('Calcoli componente'!$S$26*Dati!$L3*3600) -> 1 | N3: ='Calcoli componente'!$L$40*COS('Calcoli componente'!$S$26*(Dati!$L3+'Calcoli componente'!$K$37)*3600) -> #DIV/0! | O3: ='Calcoli componente'!$L$47*COS('Calcoli componente'!$S$26*(Dati!$L3+'Calcoli componente'!$K$44)*3600) -> #DIV/0! | P3: ='Calcoli componente'!$L$33*COS('Calcoli componente'!$S$26*(Dati!$L3+'Calcoli componente'!$K$30)*3600) -> #DIV/0!
B4: 0 | C4: 0 | E4: Trasmittanza | F4: ='Calcoli componente'!L26 -> 0.73518491 | G4: 0 | L4: =L3+'Calcoli componente'!$R$26/24 -> 1 | M4: =COS('Calcoli componente'!$S$26*Dati!$L4*3600) -> 0.96592583 | N4: ='Calcoli componente'!$L$40*COS('Calcoli componente'!$S$26*(Dati!$L4+'Calcoli componente'!$K$37)*3600) -> #DIV/0! | O4: ='Calcoli componente'!$L$47*COS('Calcoli componente'!$S$26*(Dati!$L4+'Calcoli componente'!$K$44)*3600) -> #DIV/0! | P4: ='Calcoli componente'!$L$33*COS('Calcoli componente'!$S$26*(Dati!$L4+'Calcoli componente'!$K$30)*3600) -> #DIV/0!
B5: =B4+'Caratteristiche componente'!$D7 -> 1 | C5: =C4+'Caratteristiche componente'!$D7 -> 1 | L5: =L4+'Calcoli componente'!$R$26/24 -> 2 | M5: =COS('Calcoli componente'!$S$26*Dati!$L5*3600) -> 0.8660254 | N5: ='Calcoli componente'!$L$40*COS('Calcoli componente'!$S$26*(Dati!$L5+'Calcoli componente'!$K$37)*3600) -> #DIV/0! | O5: ='Calcoli componente'!$L$47*COS('Calcoli componente'!$S$26*(Dati!$L5+'Calcoli componente'!$K$44)*3600) -> #DIV/0! | P5: ='Calcoli componente'!$L$33*COS('Calcoli componente'!$S$26*(Dati!$L5+'Calcoli componente'!$K$30)*3600) -> #DIV/0!
B6: =B5+'Caratteristiche componente'!$D8 -> 19 | C6: =C5+'Caratteristiche componente'!$D8 -> 19 | F6: 0 | G6: 0 | L6: =L5+'Calcoli componente'!$R$26/24 -> 3 | M6: =COS('Calcoli componente'!$S$26*Dati!$L6*3600) -> 0.70710678 | N6: ='Calcoli componente'!$L$40*COS('Calcoli componente'!$S$26*(Dati!$L6+'Calcoli componente'!$K$37)*3600) -> #DIV/0! | O6: ='Calcoli componente'!$L$47*COS('Calcoli componente'!$S$26*(Dati!$L6+'Calcoli componente'!$K$44)*3600) -> #DIV/0! | P6: ='Calcoli componente'!$L$33*COS('Calcoli componente'!$S$26*(Dati!$L6+'Calcoli componente'!$K$30)*3600) -> #DIV/0!
B7: =B6+'Caratteristiche componente'!$D9 -> 23 | C7: =C6+'Caratteristiche componente'!$D9 -> 23 | E7: Ammettenza interna | F7: ='Calcoli componente'!$AR$28 -> #DIV/0! | G7: ='Calcoli componente'!$AS$28 -> #DIV/0! | L7: =L6+'Calcoli componente'!$R$26/24 -> 4 | M7: =COS('Calcoli componente'!$S$26*Dati!$L7*3600) -> 0.5 | N7: ='Calcoli componente'!$L$40*COS('Calcoli componente'!$S$26*(Dati!$L7+'Calcoli componente'!$K$37)*3600) -> #DIV/0! | O7: ='Calcoli componente'!$L$47*COS('Calcoli componente'!$S$26*(Dati!$L7+'Calcoli componente'!$K$44)*3600) -> #DIV/0! | P7: ='Calcoli componente'!$L$33*COS('Calcoli componente'!$S$26*(Dati!$L7+'Calcoli componente'!$K$30)*3600) -> #DIV/0!
B8: =B7+'Caratteristiche componente'!$D10 -> 23 | C8: =C7+'Caratteristiche componente'!$D10 -> 23 | L8: =L7+'Calcoli componente'!$R$26/24 -> 5 | M8: =COS('Calcoli componente'!$S$26*Dati!$L8*3600) -> 0.25881905 | N8: ='Calcoli componente'!$L$40*COS('Calcoli componente'!$S$26*(Dati!$L8+'Calcoli componente'!$K$37)*3600) -> #DIV/0! | O8: ='Calcoli componente'!$L$47*COS('Calcoli componente'!$S$26*(Dati!$L8+'Calcoli componente'!$K$44)*3600) -> #DIV/0! | P8: ='Calcoli componente'!$L$33*COS('Calcoli componente'!$S$26*(Dati!$L8+'Calcoli componente'!$K$30)*3600) -> #DIV/0!
B9: =B8+'Caratteristiche componente'!$D11 -> 23 | C9: =C8+'Caratteristiche componente'!$D11 -> 23 | F9: 0 | G9: 0 | L9: =L8+'Calcoli componente'!$R$26/24 -> 6 | M9: =COS('Calcoli componente'!$S$26*Dati!$L9*3600) -> 0 | N9: ='Calcoli componente'!$L$40*COS('Calcoli componente'!$S$26*(Dati!$L9+'Calcoli componente'!$K$37)*3600) -> #DIV/0! | O9: ='Calcoli componente'!$L$47*COS('Calcoli componente'!$S$26*(Dati!$L9+'Calcoli componente'!$K$44)*3600) -> #DIV/0! | P9: ='Calcoli componente'!$L$33*COS('Calcoli componente'!$S$26*(Dati!$L9+'Calcoli componente'!$K$30)*3600) -> #DIV/0!
B10: =B9+'Caratteristiche componente'!$D12 -> 23 | C10: =C9+'Caratteristiche componente'!$D12 -> 23 | E10: Ammettenza esterna | F10: ='Calcoli componente'!$AW$28 -> #DIV/0! | G10: ='Calcoli componente'!$AX$28 -> #DIV/0! | L10: =L9+'Calcoli componente'!$R$26/24 -> 7 | M10: =COS('Calcoli componente'!$S$26*Dati!$L10*3600) -> -0.25881905 | N10: ='Calcoli componente'!$L$40*COS('Calcoli componente'!$S$26*(Dati!$L10+'Calcoli componente'!$K$37)*3600) -> #DIV/0! | O10: ='Calcoli componente'!$L$47*COS('Calcoli componente'!$S$26*(Dati!$L10+'Calcoli componente'!$K$44)*3600) -> #DIV/0! | P10: ='Calcoli componente'!$L$33*COS('Calcoli componente'!$S$26*(Dati!$L10+'Calcoli componente'!$K$30)*3600) -> #DIV/0!
B11: =B10+'Caratteristiche componente'!$D13 -> 23 | C11: =C10+'Caratteristiche componente'!$D13 -> 23 | L11: =L10+'Calcoli componente'!$R$26/24 -> 8 | M11: =COS('Calcoli componente'!$S$26*Dati!$L11*3600) -> -0.5 | N11: ='Calcoli componente'!$L$40*COS('Calcoli componente'!$S$26*(Dati!$L11+'Calcoli componente'!$K$37)*3600) -> #DIV/0! | O11: ='Calcoli componente'!$L$47*COS('Calcoli componente'!$S$26*(Dati!$L11+'Calcoli componente'!$K$44)*3600) -> #DIV/0! | P11: ='Calcoli componente'!$L$33*COS('Calcoli componente'!$S$26*(Dati!$L11+'Calcoli componente'!$K$30)*3600) -> #DIV/0!
B12: =B11+'Caratteristiche componente'!$D14 -> 23 | C12: =C11+'Caratteristiche componente'!$D14 -> 23 | F12: 0 | G12: -0.02 | L12: =L11+'Calcoli componente'!$R$26/24 -> 9 | M12: =COS('Calcoli componente'!$S$26*Dati!$L12*3600) -> -0.70710678 | N12: ='Calcoli componente'!$L$40*COS('Calcoli componente'!$S$26*(Dati!$L12+'Calcoli componente'!$K$37)*3600) -> #DIV/0! | O12: ='Calcoli componente'!$L$47*COS('Calcoli componente'!$S$26*(Dati!$L12+'Calcoli componente'!$K$44)*3600) -> #DIV/0! | P12: ='Calcoli componente'!$L$33*COS('Calcoli componente'!$S$26*(Dati!$L12+'Calcoli componente'!$K$30)*3600) -> #DIV/0!
B13: =B12+'Caratteristiche componente'!$D15 -> 23 | C13: =C12+'Caratteristiche componente'!$D15 -> 23 | E13: Trasmittanza periodica | F13: ='Calcoli componente'!$BB$28 -> #DIV/0! | G13: ='Calcoli componente'!$BC$28 -> #DIV/0! | L13: =L12+'Calcoli componente'!$R$26/24 -> 10 | M13: =COS('Calcoli componente'!$S$26*Dati!$L13*3600) -> -0.8660254 | N13: ='Calcoli componente'!$L$40*COS('Calcoli componente'!$S$26*(Dati!$L13+'Calcoli componente'!$K$37)*3600) -> #DIV/0! | O13: ='Calcoli componente'!$L$47*COS('Calcoli componente'!$S$26*(Dati!$L13+'Calcoli componente'!$K$44)*3600) -> #DIV/0! | P13: ='Calcoli componente'!$L$33*COS('Calcoli componente'!$S$26*(Dati!$L13+'Calcoli componente'!$K$30)*3600) -> #DIV/0!
B14: =B13+'Caratteristiche componente'!$D16 -> 23 | C14: =C13+'Caratteristiche componente'!$D16 -> 23 | L14: =L13+'Calcoli componente'!$R$26/24 -> 11 | M14: =COS('Calcoli componente'!$S$26*Dati!$L14*3600) -> -0.96592583 | N14: ='Calcoli componente'!$L$40*COS('Calcoli componente'!$S$26*(Dati!$L14+'Calcoli componente'!$K$37)*3600) -> #DIV/0! | O14: ='Calcoli componente'!$L$47*COS('Calcoli componente'!$S$26*(Dati!$L14+'Calcoli componente'!$K$44)*3600) -> #DIV/0! | P14: ='Calcoli componente'!$L$33*COS('Calcoli componente'!$S$26*(Dati!$L14+'Calcoli componente'!$K$30)*3600) -> #DIV/0!
L15: =L14+'Calcoli componente'!$R$26/24 -> 12 | M15: =COS('Calcoli componente'!$S$26*Dati!$L15*3600) -> -1 | N15: ='Calcoli componente'!$L$40*COS('Calcoli componente'!$S$26*(Dati!$L15+'Calcoli componente'!$K$37)*3600) -> #DIV/0! | O15: ='Calcoli componente'!$L$47*COS('Calcoli componente'!$S$26*(Dati!$L15+'Calcoli componente'!$K$44)*3600) -> #DIV/0! | P15: ='Calcoli componente'!$L$33*COS('Calcoli componente'!$S$26*(Dati!$L15+'Calcoli componente'!$K$30)*3600) -> #DIV/0!
L16: =L15+'Calcoli componente'!$R$26/24 -> 13 | M16: =COS('Calcoli componente'!$S$26*Dati!$L16*3600) -> -0.96592583 | N16: ='Calcoli componente'!$L$40*COS('Calcoli componente'!$S$26*(Dati!$L16+'Calcoli componente'!$K$37)*3600) -> #DIV/0! | O16: ='Calcoli componente'!$L$47*COS('Calcoli componente'!$S$26*(Dati!$L16+'Calcoli componente'!$K$44)*3600) -> #DIV/0! | P16: ='Calcoli componente'!$L$33*COS('Calcoli componente'!$S$26*(Dati!$L16+'Calcoli componente'!$K$30)*3600) -> #DIV/0!
L17: =L16+'Calcoli componente'!$R$26/24 -> 14 | M17: =COS('Calcoli componente'!$S$26*Dati!$L17*3600) -> -0.8660254 | N17: ='Calcoli componente'!$L$40*COS('Calcoli componente'!$S$26*(Dati!$L17+'Calcoli componente'!$K$37)*3600) -> #DIV/0! | O17: ='Calcoli componente'!$L$47*COS('Calcoli componente'!$S$26*(Dati!$L17+'Calcoli componente'!$K$44)*3600) -> #DIV/0! | P17: ='Calcoli componente'!$L$33*COS('Calcoli componente'!$S$26*(Dati!$L17+'Calcoli componente'!$K$30)*3600) -> #DIV/0!
L18: =L17+'Calcoli componente'!$R$26/24 -> 15 | M18: =COS('Calcoli componente'!$S$26*Dati!$L18*3600) -> -0.70710678 | N18: ='Calcoli componente'!$L$40*COS('Calcoli componente'!$S$26*(Dati!$L18+'Calcoli componente'!$K$37)*3600) -> #DIV/0! | O18: ='Calcoli componente'!$L$47*COS('Calcoli componente'!$S$26*(Dati!$L18+'Calcoli componente'!$K$44)*3600) -> #DIV/0! | P18: ='Calcoli componente'!$L$33*COS('Calcoli componente'!$S$26*(Dati!$L18+'Calcoli componente'!$K$30)*3600) -> #DIV/0!
L19: =L18+'Calcoli componente'!$R$26/24 -> 16 | M19: =COS('Calcoli componente'!$S$26*Dati!$L19*3600) -> -0.5 | N19: ='Calcoli componente'!$L$40*COS('Calcoli componente'!$S$26*(Dati!$L19+'Calcoli componente'!$K$37)*3600) -> #DIV/0! | O19: ='Calcoli componente'!$L$47*COS('Calcoli componente'!$S$26*(Dati!$L19+'Calcoli componente'!$K$44)*3600) -> #DIV/0! | P19: ='Calcoli componente'!$L$33*COS('Calcoli componente'!$S$26*(Dati!$L19+'Calcoli componente'!$K$30)*3600) -> #DIV/0!
L20: =L19+'Calcoli componente'!$R$26/24 -> 17 | M20: =COS('Calcoli componente'!$S$26*Dati!$L20*3600) -> -0.25881905 | N20: ='Calcoli componente'!$L$40*COS('Calcoli componente'!$S$26*(Dati!$L20+'Calcoli componente'!$K$37)*3600) -> #DIV/0! | O20: ='Calcoli componente'!$L$47*COS('Calcoli componente'!$S$26*(Dati!$L20+'Calcoli componente'!$K$44)*3600) -> #DIV/0! | P20: ='Calcoli componente'!$L$33*COS('Calcoli componente'!$S$26*(Dati!$L20+'Calcoli componente'!$K$30)*3600) -> #DIV/0!
L21: =L20+'Calcoli componente'!$R$26/24 -> 18 | M21: =COS('Calcoli componente'!$S$26*Dati!$L21*3600) -> 0 | N21: ='Calcoli componente'!$L$40*COS('Calcoli componente'!$S$26*(Dati!$L21+'Calcoli componente'!$K$37)*3600) -> #DIV/0! | O21: ='Calcoli componente'!$L$47*COS('Calcoli componente'!$S$26*(Dati!$L21+'Calcoli componente'!$K$44)*3600) -> #DIV/0! | P21: ='Calcoli componente'!$L$33*COS('Calcoli componente'!$S$26*(Dati!$L21+'Calcoli componente'!$K$30)*3600) -> #DIV/0!
L22: =L21+'Calcoli componente'!$R$26/24 -> 19 | M22: =COS('Calcoli componente'!$S$26*Dati!$L22*3600) -> 0.25881905 | N22: ='Calcoli componente'!$L$40*COS('Calcoli componente'!$S$26*(Dati!$L22+'Calcoli componente'!$K$37)*3600) -> #DIV/0! | O22: ='Calcoli componente'!$L$47*COS('Calcoli componente'!$S$26*(Dati!$L22+'Calcoli componente'!$K$44)*3600) -> #DIV/0! | P22: ='Calcoli componente'!$L$33*COS('Calcoli componente'!$S$26*(Dati!$L22+'Calcoli componente'!$K$30)*3600) -> #DIV/0!
L23: =L22+'Calcoli componente'!$R$26/24 -> 20 | M23: =COS('Calcoli componente'!$S$26*Dati!$L23*3600) -> 0.5 | N23: ='Calcoli componente'!$L$40*COS('Calcoli componente'!$S$26*(Dati!$L23+'Calcoli componente'!$K$37)*3600) -> #DIV/0! | O23: ='Calcoli componente'!$L$47*COS('Calcoli componente'!$S$26*(Dati!$L23+'Calcoli componente'!$K$44)*3600) -> #DIV/0! | P23: ='Calcoli componente'!$L$33*COS('Calcoli componente'!$S$26*(Dati!$L23+'Calcoli componente'!$K$30)*3600) -> #DIV/0!
L24: =L23+'Calcoli componente'!$R$26/24 -> 21 | M24: =COS('Calcoli componente'!$S$26*Dati!$L24*3600) -> 0.70710678 | N24: ='Calcoli componente'!$L$40*COS('Calcoli componente'!$S$26*(Dati!$L24+'Calcoli componente'!$K$37)*3600) -> #DIV/0! | O24: ='Calcoli componente'!$L$47*COS('Calcoli componente'!$S$26*(Dati!$L24+'Calcoli componente'!$K$44)*3600) -> #DIV/0! | P24: ='Calcoli componente'!$L$33*COS('Calcoli componente'!$S$26*(Dati!$L24+'Calcoli componente'!$K$30)*3600) -> #DIV/0!
L25: =L24+'Calcoli componente'!$R$26/24 -> 22 | M25: =COS('Calcoli componente'!$S$26*Dati!$L25*3600) -> 0.8660254 | N25: ='Calcoli componente'!$L$40*COS('Calcoli componente'!$S$26*(Dati!$L25+'Calcoli componente'!$K$37)*3600) -> #DIV/0! | O25: ='Calcoli componente'!$L$47*COS('Calcoli componente'!$S$26*(Dati!$L25+'Calcoli componente'!$K$44)*3600) -> #DIV/0! | P25: ='Calcoli componente'!$L$33*COS('Calcoli componente'!$S$26*(Dati!$L25+'Calcoli componente'!$K$30)*3600) -> #DIV/0!
L26: =L25+'Calcoli componente'!$R$26/24 -> 23 | M26: =COS('Calcoli componente'!$S$26*Dati!$L26*3600) -> 0.96592583 | N26: ='Calcoli componente'!$L$40*COS('Calcoli componente'!$S$26*(Dati!$L26+'Calcoli componente'!$K$37)*3600) -> #DIV/0! | O26: ='Calcoli componente'!$L$47*COS('Calcoli componente'!$S$26*(Dati!$L26+'Calcoli componente'!$K$44)*3600) -> #DIV/0! | P26: ='Calcoli componente'!$L$33*COS('Calcoli componente'!$S$26*(Dati!$L26+'Calcoli componente'!$K$30)*3600) -> #DIV/0!
L27: =L26+'Calcoli componente'!$R$26/24 -> 24 | M27: =COS('Calcoli componente'!$S$26*Dati!$L27*3600) -> 1 | N27: ='Calcoli componente'!$L$40*COS('Calcoli componente'!$S$26*(Dati!$L27+'Calcoli componente'!$K$37)*3600) -> #DIV/0! | O27: ='Calcoli componente'!$L$47*COS('Calcoli componente'!$S$26*(Dati!$L27+'Calcoli componente'!$K$44)*3600) -> #DIV/0! | P27: ='Calcoli componente'!$L$33*COS('Calcoli componente'!$S$26*(Dati!$L27+'Calcoli componente'!$K$30)*3600) -> #DIV/0!
